status,case_type,priority,Opened_date,Closed_date,customer_satisfaction_score,first_contact_resolution,Customer Region
Closed,Technical,Low,2024-07-02T07:03:25Z,2024-07-14T07:03:25Z,3,False,Northeast
Closed,General,Low,2024-02-01T00:01:46Z,2024-02-14T00:01:46Z,8,True,West
Closed,General,Low,2024-10-01T20:09:03Z,2024-10-15T20:09:03Z,3,False,Northeast
Closed,General,Low,2024-02-02T05:38:03Z,2024-02-13T05:38:03Z,4,True,Northeast
Closed,Technical,Low,2024-08-05T11:22:53Z,2024-08-08T11:22:53Z,10,True,Northeast
Closed,Billing,High,2024-09-12T17:29:08Z,2024-09-13T17:29:08Z,7,False,Northeast
Closed,General,Medium,2024-12-02T06:00:27Z,2024-12-15T06:00:27Z,1,False,West
Closed,General,Low,2024-04-24T09:49:34Z,2024-05-05T09:49:34Z,9,False,West
Closed,Billing,Medium,2024-04-01T12:04:39Z,2024-04-14T12:04:39Z,1,False,Northeast
Closed,Technical,Medium,2024-03-13T12:54:22Z,2024-03-21T12:54:22Z,9,False,Northeast
Closed,General,Low,2024-09-21T17:29:56Z,2024-09-30T17:29:56Z,8,False,West
Closed,Technical,Low,2024-07-15T08:53:07Z,2024-07-19T08:53:07Z,9,True,West
Closed,General,Low,2024-05-01T09:25:28Z,2024-05-13T09:25:28Z,9,True,West
Closed,Billing,Low,2024-07-21T01:25:34Z,2024-07-31T01:25:34Z,9,True,Northeast
Closed,Technical,Low,2024-11-22T21:45:04Z,2024-11-25T21:45:04Z,10,False,Northeast
Closed,Billing,Low,2024-04-02T13:42:03Z,2024-04-08T13:42:03Z,7,False,Northeast
Closed,Billing,High,2024-03-17T02:10:01Z,2024-03-18T02:10:01Z,5,True,Northeast
Closed,Billing,Low,2024-03-28T12:20:38Z,2024-04-07T12:20:38Z,9,False,West
Closed,Billing,Low,2024-04-16T08:52:27Z,2024-04-23T08:52:27Z,4,False,Northeast
Closed,Technical,Low,2024-06-11T12:24:08Z,2024-06-19T12:24:08Z,6,False,West
Closed,Billing,Low,2024-03-25T21:42:10Z,2024-03-28T21:42:10Z,3,True,West
Closed,Technical,High,2024-03-22T05:02:47Z,2024-03-31T05:02:47Z,9,True,West
Closed,General,Low,2024-03-19T22:25:33Z,2024-03-25T22:25:33Z,4,False,Northeast
Closed,Billing,High,2024-03-02T05:57:07Z,2024-03-12T05:57:07Z,5,True,Northeast
Closed,Billing,Low,2024-02-21T14:58:26Z,2024-03-03T14:58:26Z,5,False,West
Closed,General,High,2024-12-16T19:41:06Z,2024-12-19T19:41:06Z,6,False,Northeast
Closed,Technical,Medium,2024-03-12T10:04:11Z,2024-03-27T10:04:11Z,8,False,West
Closed,General,High,2024-01-27T06:35:16Z,2024-02-04T06:35:16Z,7,True,West
Closed,General,Medium,2024-10-21T16:31:51Z,2024-11-02T16:31:51Z,2,True,Northeast
Closed,Billing,Medium,2024-11-21T11:38:56Z,2024-11-30T11:38:56Z,1,True,Northeast
Closed,General,Medium,2024-07-23T03:39:55Z,2024-08-07T03:39:55Z,6,False,West
Closed,Technical,Low,2024-05-29T15:43:04Z,2024-05-31T15:43:04Z,7,False,Northeast
Closed,Technical,Medium,2024-06-27T09:59:45Z,2024-06-29T09:59:45Z,1,True,West
Closed,General,Low,2024-05-17T06:24:19Z,2024-05-24T06:24:19Z,2,False,West
Closed,General,Low,2024-03-15T14:41:41Z,2024-03-24T14:41:41Z,9,True,Northeast
Closed,Technical,Low,2024-02-21T03:00:18Z,2024-02-27T03:00:18Z,9,True,Northeast
Closed,General,Medium,2024-12-18T09:48:15Z,2024-12-27T09:48:15Z,4,False,West
Closed,Billing,Low,2024-07-04T06:07:47Z,2024-07-14T06:07:47Z,9,False,Northeast
Closed,General,Low,2024-03-25T16:49:15Z,2024-04-07T16:49:15Z,9,True,West
Closed,Technical,Medium,2024-11-19T06:23:12Z,2024-11-25T06:23:12Z,2,True,Northeast
Closed,General,Low,2024-10-11T13:08:14Z,2024-10-15T13:08:14Z,2,False,West
Closed,Technical,Low,2024-09-25T05:29:45Z,2024-09-27T05:29:45Z,2,True,West
Closed,General,Medium,2024-03-01T04:21:16Z,2024-03-12T04:21:16Z,10,False,Northeast
Closed,Billing,Medium,2024-02-21T18:14:07Z,2024-02-25T18:14:07Z,5,False,Northeast
Closed,General,Medium,2024-01-11T18:19:06Z,2024-01-14T18:19:06Z,8,False,Northeast
Closed,General,Low,2024-11-09T02:05:13Z,2024-11-20T02:05:13Z,6,True,West
Closed,Technical,Low,2024-02-22T13:08:13Z,2024-03-03T13:08:13Z,7,True,Northeast
Closed,Billing,High,2024-01-09T23:21:44Z,2024-01-20T23:21:44Z,8,True,Northeast
Closed,Technical,Medium,2024-09-12T17:25:13Z,2024-09-23T17:25:13Z,10,True,West
Closed,General,Low,2024-06-01T20:40:47Z,2024-06-07T20:40:47Z,4,True,West
Closed,Billing,Low,2024-09-05T19:07:47Z,2024-09-20T19:07:47Z,10,True,West
Closed,General,Low,2024-05-15T02:26:06Z,2024-05-25T02:26:06Z,3,True,West
Closed,General,Medium,2024-05-29T15:33:09Z,2024-06-05T15:33:09Z,8,False,Northeast
Closed,Billing,High,2024-07-27T05:35:52Z,2024-08-04T05:35:52Z,10,True,Northeast
Closed,Billing,Low,2024-06-15T22:24:02Z,2024-06-26T22:24:02Z,4,True,West
Closed,Billing,Low,2024-08-09T20:45:15Z,2024-08-16T20:45:15Z,5,True,Northeast
Closed,General,Low,2024-08-25T05:17:40Z,2024-09-07T05:17:40Z,1,False,Northeast
Closed,General,Low,2024-11-28T17:03:26Z,2024-12-12T17:03:26Z,4,True,Northeast
Closed,Technical,Medium,2024-07-07T23:11:41Z,2024-07-18T23:11:41Z,4,True,Northeast
Closed,Billing,High,2024-12-09T09:52:22Z,2024-12-23T09:52:22Z,1,False,Northeast
Closed,Billing,High,2024-09-19T15:28:41Z,2024-09-30T15:28:41Z,4,False,Northeast
Closed,Billing,High,2024-03-18T17:16:21Z,2024-03-31T17:16:21Z,6,False,West
Closed,General,Medium,2024-08-20T22:45:27Z,2024-08-22T22:45:27Z,5,False,Northeast
Closed,General,Low,2024-01-03T19:56:40Z,2024-01-06T19:56:40Z,4,True,West
Closed,Billing,Medium,2024-10-19T14:04:05Z,2024-11-02T14:04:05Z,7,False,Northeast
Closed,Billing,High,2024-12-19T10:55:29Z,2025-01-02T10:55:29Z,7,False,Northeast
Closed,Billing,High,2024-06-24T20:30:49Z,2024-07-06T20:30:49Z,7,False,Northeast
Closed,Technical,Low,2024-05-09T04:20:32Z,2024-05-11T04:20:32Z,3,True,Northeast
Closed,General,High,2024-02-01T01:31:55Z,2024-02-12T01:31:55Z,2,True,West
Closed,Technical,Medium,2024-06-16T15:27:03Z,2024-06-17T15:27:03Z,1,True,Northeast
Closed,Technical,Low,2024-02-01T05:58:30Z,2024-02-15T05:58:30Z,7,False,Northeast
Closed,Billing,Low,2024-05-10T17:08:12Z,2024-05-25T17:08:12Z,4,True,Northeast
Closed,General,Low,2024-01-22T14:35:18Z,2024-01-29T14:35:18Z,7,False,West
Closed,Billing,Low,2024-11-22T05:31:42Z,2024-12-03T05:31:42Z,5,False,Northeast
Closed,Technical,High,2024-05-31T02:11:35Z,2024-06-08T02:11:35Z,6,True,West
Closed,Technical,Low,2024-12-14T16:16:15Z,2024-12-20T16:16:15Z,3,True,Northeast
Closed,Billing,Low,2024-05-30T05:30:52Z,2024-06-14T05:30:52Z,6,True,Northeast
Closed,Technical,High,2024-03-14T04:21:31Z,2024-03-24T04:21:31Z,7,False,West
Closed,Technical,Medium,2024-05-10T07:45:03Z,2024-05-21T07:45:03Z,9,False,West
Closed,Technical,Low,2024-12-13T20:57:13Z,2024-12-15T20:57:13Z,4,False,West
Closed,General,Low,2024-11-10T17:09:18Z,2024-11-12T17:09:18Z,10,True,West
Closed,Billing,Medium,2024-02-02T06:16:26Z,2024-02-16T06:16:26Z,10,True,West
Closed,General,Low,2024-07-10T14:01:27Z,2024-07-13T14:01:27Z,9,False,Northeast
Closed,General,High,2024-05-19T12:38:05Z,2024-05-23T12:38:05Z,5,False,Northeast
Closed,Billing,Medium,2024-07-25T19:22:33Z,2024-07-29T19:22:33Z,1,True,Northeast
Closed,Billing,Medium,2024-03-22T00:44:16Z,2024-03-28T00:44:16Z,8,False,West
Closed,General,High,2024-11-04T05:09:51Z,2024-11-09T05:09:51Z,6,False,West
Closed,Technical,Medium,2024-04-10T09:15:05Z,2024-04-21T09:15:05Z,6,True,Northeast
Closed,General,High,2024-01-12T08:07:43Z,2024-01-19T08:07:43Z,5,False,West
Closed,Billing,Medium,2024-08-08T01:54:30Z,2024-08-20T01:54:30Z,1,True,West
Closed,Billing,Low,2024-08-07T19:06:38Z,2024-08-12T19:06:38Z,10,True,West
Closed,General,Low,2024-09-30T02:46:57Z,2024-10-06T02:46:57Z,5,False,West
Closed,Billing,Low,2024-07-09T00:36:27Z,2024-07-20T00:36:27Z,10,False,West
Closed,Technical,Low,2024-02-06T15:04:26Z,2024-02-14T15:04:26Z,2,True,West
Closed,Technical,Low,2024-02-08T09:54:37Z,2024-02-15T09:54:37Z,2,True,West
Closed,General,High,2024-04-09T07:48:44Z,2024-04-14T07:48:44Z,7,True,West
Closed,General,Medium,2024-10-28T12:48:03Z,2024-11-07T12:48:03Z,9,False,West
Closed,Billing,Low,2024-05-06T04:00:27Z,2024-05-20T04:00:27Z,2,True,West
Closed,Technical,Low,2024-08-20T14:31:49Z,2024-09-02T14:31:49Z,6,False,West
Closed,Billing,Low,2024-03-27T15:50:22Z,2024-04-08T15:50:22Z,10,True,Northeast
Closed,Technical,High,2024-09-07T10:38:18Z,2024-09-22T10:38:18Z,4,True,Northeast
Closed,Technical,Low,2024-02-29T11:59:14Z,2024-03-08T11:59:14Z,5,True,Northeast
Closed,Billing,Low,2024-10-21T21:09:12Z,2024-10-24T21:09:12Z,6,True,West
Closed,General,High,2024-12-30T10:52:40Z,2025-01-04T10:52:40Z,5,True,West
Closed,General,High,2024-06-29T03:55:50Z,2024-07-13T03:55:50Z,3,True,West
Closed,Technical,Low,2024-09-13T11:02:42Z,2024-09-17T11:02:42Z,7,False,Northeast
Closed,Billing,Medium,2024-03-22T04:41:07Z,2024-04-06T04:41:07Z,8,False,Northeast
Closed,Technical,High,2024-04-18T06:40:45Z,2024-05-02T06:40:45Z,1,False,Northeast
Closed,Billing,Medium,2024-12-07T16:13:52Z,2024-12-21T16:13:52Z,6,False,West
Closed,Technical,Medium,2024-04-12T22:12:54Z,2024-04-25T22:12:54Z,10,True,West
Closed,Billing,Low,2024-03-30T06:51:57Z,2024-04-12T06:51:57Z,10,False,West
Closed,Technical,Low,2024-01-13T23:52:03Z,2024-01-26T23:52:03Z,10,True,West
Closed,Technical,Low,2024-12-19T17:10:28Z,2024-12-22T17:10:28Z,5,False,West
Closed,Billing,Low,2024-05-06T02:43:21Z,2024-05-19T02:43:21Z,5,False,West
Closed,Billing,Low,2024-04-03T14:50:03Z,2024-04-10T14:50:03Z,7,True,West
Closed,General,Medium,2024-01-26T12:10:10Z,2024-02-10T12:10:10Z,7,True,Northeast
Closed,General,Low,2024-12-02T06:33:07Z,2024-12-13T06:33:07Z,3,False,Northeast
Closed,Technical,Medium,2024-02-26T06:27:19Z,2024-03-11T06:27:19Z,3,False,West
Closed,Billing,Medium,2024-01-20T20:54:18Z,2024-01-30T20:54:18Z,10,True,Northeast
Closed,General,Low,2024-03-08T17:24:11Z,2024-03-15T17:24:11Z,6,True,Northeast
Closed,General,Medium,2024-04-14T02:47:25Z,2024-04-20T02:47:25Z,2,False,Northeast
Closed,Billing,Medium,2024-07-23T13:22:25Z,2024-07-26T13:22:25Z,10,False,West
Closed,General,Low,2024-05-17T10:37:36Z,2024-05-31T10:37:36Z,1,False,Northeast
Closed,Billing,High,2024-03-19T16:20:41Z,2024-03-25T16:20:41Z,4,False,Northeast
Closed,Technical,Low,2024-11-21T23:24:01Z,2024-11-25T23:24:01Z,1,False,Northeast
Closed,General,Medium,2024-01-30T20:23:05Z,2024-02-11T20:23:05Z,10,False,Northeast
Closed,Technical,Low,2024-02-26T14:09:48Z,2024-03-04T14:09:48Z,4,False,West
Closed,Billing,Low,2024-07-06T07:28:21Z,2024-07-10T07:28:21Z,2,True,Northeast
Closed,Technical,Low,2024-11-21T10:18:33Z,2024-12-01T10:18:33Z,6,False,West
Closed,Technical,High,2024-06-16T09:53:55Z,2024-07-01T09:53:55Z,6,False,West
Closed,Billing,Medium,2024-07-01T17:25:34Z,2024-07-07T17:25:34Z,6,False,Northeast
Closed,General,Low,2024-10-11T09:56:57Z,2024-10-15T09:56:57Z,3,True,Northeast
Closed,General,Low,2024-01-27T21:48:17Z,2024-02-02T21:48:17Z,3,True,West
Closed,Billing,Low,2024-02-20T09:57:01Z,2024-02-26T09:57:01Z,9,True,West
Closed,Technical,Low,2024-04-27T19:20:55Z,2024-05-01T19:20:55Z,9,True,West
Closed,General,Low,2024-01-09T11:36:50Z,2024-01-16T11:36:50Z,1,True,West
Closed,Technical,Low,2024-12-14T11:03:57Z,2024-12-18T11:03:57Z,10,True,Northeast
Closed,Technical,Low,2024-08-26T00:27:59Z,2024-09-10T00:27:59Z,1,True,West
Closed,Billing,High,2024-04-01T00:15:58Z,2024-04-06T00:15:58Z,8,True,West
Closed,Technical,Low,2024-03-25T06:21:26Z,2024-04-01T06:21:26Z,6,False,West
Closed,Billing,Low,2024-11-09T16:57:47Z,2024-11-24T16:57:47Z,7,True,West
Closed,Billing,Low,2024-08-23T08:18:45Z,2024-08-31T08:18:45Z,10,False,Northeast
Closed,Billing,High,2024-01-11T10:00:04Z,2024-01-14T10:00:04Z,3,True,Northeast
Closed,Billing,High,2024-09-15T16:58:55Z,2024-09-26T16:58:55Z,6,False,Northeast
Closed,General,Medium,2024-11-10T14:29:53Z,2024-11-19T14:29:53Z,2,True,Northeast
Closed,Billing,Low,2024-10-31T12:38:07Z,2024-11-15T12:38:07Z,9,True,West
Closed,Technical,High,2024-12-24T01:42:17Z,2025-01-01T01:42:17Z,6,True,Northeast
Closed,General,Low,2024-11-11T00:00:40Z,2024-11-26T00:00:40Z,5,False,Northeast
Closed,Billing,High,2024-07-01T16:02:48Z,2024-07-09T16:02:48Z,7,True,Northeast
Closed,Technical,Low,2024-02-26T23:54:56Z,2024-03-11T23:54:56Z,2,True,Northeast
Closed,Technical,Low,2024-01-03T01:47:49Z,2024-01-15T01:47:49Z,9,True,Northeast
Closed,Technical,Low,2024-01-01T20:24:07Z,2024-01-05T20:24:07Z,5,False,West
Closed,General,Medium,2024-11-13T21:57:55Z,2024-11-16T21:57:55Z,7,True,Northeast
Closed,General,Low,2024-02-06T16:56:43Z,2024-02-12T16:56:43Z,9,True,West
Closed,General,Medium,2024-10-14T16:35:58Z,2024-10-20T16:35:58Z,6,True,Northeast
Closed,General,Low,2024-04-26T12:04:05Z,2024-05-09T12:04:05Z,6,True,Northeast
Closed,Billing,Medium,2024-07-25T10:59:49Z,2024-08-03T10:59:49Z,1,True,Northeast
Closed,General,Low,2024-07-31T05:01:14Z,2024-08-06T05:01:14Z,5,True,Northeast
Closed,Technical,Medium,2024-07-28T19:57:47Z,2024-08-03T19:57:47Z,1,False,West
Closed,Technical,High,2024-11-03T22:00:33Z,2024-11-06T22:00:33Z,3,True,West
Closed,General,High,2024-06-10T03:44:56Z,2024-06-18T03:44:56Z,7,True,West
Closed,General,Low,2024-07-28T01:27:57Z,2024-07-29T01:27:57Z,9,True,West
Closed,Technical,Low,2024-04-15T07:12:20Z,2024-04-17T07:12:20Z,10,False,West
Closed,Billing,Low,2024-02-17T10:12:39Z,2024-03-01T10:12:39Z,7,True,West
Closed,General,Medium,2024-09-07T13:22:42Z,2024-09-21T13:22:42Z,9,False,Northeast
Closed,Billing,Medium,2024-02-19T03:48:25Z,2024-02-22T03:48:25Z,7,True,Northeast
Closed,Technical,Low,2024-03-24T01:37:49Z,2024-03-31T01:37:49Z,4,True,West
Closed,General,Low,2024-04-14T04:35:07Z,2024-04-29T04:35:07Z,1,False,Northeast
Closed,Billing,Low,2024-04-28T03:14:52Z,2024-05-08T03:14:52Z,3,False,West
Closed,General,Medium,2024-09-10T11:48:55Z,2024-09-18T11:48:55Z,6,True,Northeast
Closed,Billing,Low,2024-10-30T11:12:13Z,2024-11-13T11:12:13Z,7,True,Northeast
Closed,General,High,2024-05-21T03:36:32Z,2024-05-28T03:36:32Z,8,True,West
Closed,Technical,Medium,2024-08-31T11:54:30Z,2024-09-10T11:54:30Z,1,True,West
Closed,General,Low,2024-02-05T02:14:33Z,2024-02-11T02:14:33Z,4,False,Northeast
Closed,Billing,Low,2024-11-09T13:09:44Z,2024-11-12T13:09:44Z,7,False,Northeast
Closed,General,Medium,2024-10-01T00:54:12Z,2024-10-09T00:54:12Z,7,False,Northeast
Closed,Technical,Low,2024-04-09T03:01:39Z,2024-04-11T03:01:39Z,5,False,Northeast
Closed,General,High,2024-12-17T02:37:14Z,2024-12-27T02:37:14Z,3,False,West
Closed,Billing,High,2024-12-18T18:38:10Z,2024-12-24T18:38:10Z,7,True,Northeast
Closed,General,Low,2024-07-16T11:27:00Z,2024-07-31T11:27:00Z,10,True,West
Closed,Billing,Low,2024-05-17T00:28:29Z,2024-05-24T00:28:29Z,4,True,West
Closed,Technical,Low,2024-08-08T09:12:33Z,2024-08-11T09:12:33Z,2,True,Northeast
Closed,Billing,Low,2024-07-23T10:36:42Z,2024-08-01T10:36:42Z,10,True,Northeast
Closed,Technical,Medium,2024-05-19T03:19:50Z,2024-05-23T03:19:50Z,9,False,West
Closed,Technical,Low,2024-07-28T04:11:49Z,2024-08-03T04:11:49Z,7,True,Northeast
Closed,Technical,Low,2024-08-11T02:25:16Z,2024-08-12T02:25:16Z,2,True,Northeast
Closed,Billing,Low,2024-03-21T11:08:57Z,2024-03-25T11:08:57Z,9,True,West
Closed,Technical,Low,2024-10-07T21:56:07Z,2024-10-20T21:56:07Z,2,False,Northeast
Closed,Technical,High,2024-05-20T21:17:42Z,2024-05-23T21:17:42Z,1,False,Northeast
Closed,General,Low,2024-09-13T11:55:46Z,2024-09-27T11:55:46Z,4,False,Northeast
Closed,Billing,Medium,2024-05-12T10:43:59Z,2024-05-20T10:43:59Z,1,False,West
Closed,Billing,Low,2024-06-14T10:52:40Z,2024-06-28T10:52:40Z,10,False,Northeast
Closed,Technical,Low,2024-07-20T01:23:27Z,2024-07-25T01:23:27Z,1,True,Northeast
Closed,General,Low,2024-01-20T00:39:14Z,2024-01-21T00:39:14Z,4,False,Northeast
Closed,General,High,2024-08-25T06:43:34Z,2024-09-02T06:43:34Z,8,False,Northeast
Closed,Technical,Low,2024-02-19T22:49:09Z,2024-02-27T22:49:09Z,4,True,West
Closed,General,Low,2024-03-21T07:55:29Z,2024-03-27T07:55:29Z,10,True,Northeast
Closed,Technical,Low,2024-11-29T07:38:56Z,2024-12-03T07:38:56Z,10,True,West
Closed,Technical,High,2024-07-24T03:14:25Z,2024-08-03T03:14:25Z,10,False,Northeast
Closed,Technical,High,2024-07-22T16:16:43Z,2024-07-28T16:16:43Z,5,True,West
Closed,Billing,Low,2024-09-16T20:29:54Z,2024-09-29T20:29:54Z,3,False,Northeast
Closed,Billing,Medium,2024-01-28T11:49:21Z,2024-02-11T11:49:21Z,10,True,West
Closed,General,Medium,2024-05-25T20:53:45Z,2024-06-03T20:53:45Z,8,False,Northeast
Closed,Technical,Low,2024-12-02T23:06:37Z,2024-12-09T23:06:37Z,1,True,West
Closed,Technical,Low,2024-03-14T07:02:33Z,2024-03-21T07:02:33Z,6,False,Northeast
Closed,Billing,Low,2024-07-15T14:40:45Z,2024-07-25T14:40:45Z,5,False,West
Closed,Technical,Low,2024-01-21T06:19:49Z,2024-01-27T06:19:49Z,3,False,West
Closed,Billing,Low,2024-01-31T23:16:48Z,2024-02-11T23:16:48Z,2,True,Northeast
Closed,Technical,Low,2024-10-08T22:03:45Z,2024-10-20T22:03:45Z,10,False,West
Closed,General,Low,2024-09-04T02:20:23Z,2024-09-13T02:20:23Z,5,True,West
Closed,Technical,Low,2024-08-17T15:17:26Z,2024-08-22T15:17:26Z,9,False,West
Closed,Technical,Low,2024-01-30T19:32:14Z,2024-02-02T19:32:14Z,5,False,Northeast
Closed,Technical,High,2024-08-27T05:36:21Z,2024-09-04T05:36:21Z,5,True,West
Closed,General,High,2024-06-24T22:08:07Z,2024-06-26T22:08:07Z,5,True,West
Closed,General,Low,2024-08-15T11:07:22Z,2024-08-25T11:07:22Z,9,True,Northeast
Closed,Technical,Low,2024-12-20T09:57:55Z,2024-12-30T09:57:55Z,6,True,Northeast
Closed,Billing,Low,2024-08-13T20:25:02Z,2024-08-28T20:25:02Z,5,True,West
Closed,Billing,Low,2024-10-17T08:55:37Z,2024-10-19T08:55:37Z,9,False,West
Closed,Billing,Low,2024-09-16T17:41:00Z,2024-09-18T17:41:00Z,8,True,Northeast
Closed,Technical,High,2024-03-12T22:08:17Z,2024-03-25T22:08:17Z,2,True,West
Closed,General,Low,2024-03-21T07:51:12Z,2024-04-03T07:51:12Z,3,True,Northeast
Closed,Billing,Low,2024-04-26T19:44:48Z,2024-04-27T19:44:48Z,3,True,Northeast
Closed,Billing,Low,2024-08-13T20:03:16Z,2024-08-24T20:03:16Z,5,False,West
Closed,Technical,Low,2024-09-25T12:17:41Z,2024-10-06T12:17:41Z,2,False,Northeast
Closed,General,Medium,2024-09-16T17:37:59Z,2024-09-21T17:37:59Z,7,True,West
Closed,Billing,Low,2024-01-03T09:52:02Z,2024-01-09T09:52:02Z,2,True,West
Closed,Billing,Low,2024-04-27T12:58:30Z,2024-05-10T12:58:30Z,1,True,Northeast
Closed,General,Medium,2024-06-02T12:52:45Z,2024-06-04T12:52:45Z,2,True,West
Closed,General,Medium,2024-03-27T21:22:08Z,2024-04-01T21:22:08Z,9,True,Northeast
Closed,General,High,2024-03-28T21:44:41Z,2024-04-10T21:44:41Z,6,False,Northeast
Closed,General,High,2024-07-25T07:00:04Z,2024-07-27T07:00:04Z,4,False,Northeast
Closed,Billing,Low,2024-06-12T06:39:14Z,2024-06-16T06:39:14Z,7,True,West
Closed,Technical,Low,2024-11-27T21:55:03Z,2024-12-03T21:55:03Z,7,False,Northeast
Closed,General,Low,2024-05-04T20:47:25Z,2024-05-11T20:47:25Z,2,False,West
Closed,Technical,Low,2024-03-13T18:38:32Z,2024-03-26T18:38:32Z,3,False,Northeast
Closed,General,Low,2024-09-19T21:21:58Z,2024-09-24T21:21:58Z,4,True,Northeast
Closed,Billing,Low,2024-04-08T13:33:38Z,2024-04-16T13:33:38Z,3,True,West
Closed,General,Medium,2024-08-25T18:44:09Z,2024-08-26T18:44:09Z,1,False,West
Closed,Technical,Low,2024-09-05T02:59:36Z,2024-09-09T02:59:36Z,9,True,West
Closed,General,High,2024-07-24T06:33:03Z,2024-07-29T06:33:03Z,4,False,West
Closed,Billing,Medium,2024-05-21T17:24:36Z,2024-06-05T17:24:36Z,5,True,Northeast
Closed,Billing,Medium,2024-08-20T00:34:47Z,2024-08-25T00:34:47Z,2,True,West
Closed,Billing,Low,2024-12-29T03:32:33Z,2025-01-12T03:32:33Z,1,True,Northeast
Closed,Technical,Low,2024-01-01T19:48:22Z,2024-01-07T19:48:22Z,10,True,Northeast
Closed,Billing,High,2024-09-15T22:17:44Z,2024-09-19T22:17:44Z,8,False,West
Closed,Technical,Medium,2024-06-15T05:13:47Z,2024-06-22T05:13:47Z,6,True,West
Closed,Billing,Low,2024-06-17T17:13:01Z,2024-06-25T17:13:01Z,3,True,Northeast
Closed,Technical,Medium,2024-06-20T08:13:59Z,2024-07-02T08:13:59Z,6,False,Northeast
Closed,General,Low,2024-12-12T06:35:42Z,2024-12-14T06:35:42Z,9,False,Northeast
Closed,General,Low,2024-06-27T07:32:28Z,2024-07-06T07:32:28Z,5,True,West
Closed,Technical,Low,2024-09-09T11:40:08Z,2024-09-18T11:40:08Z,4,False,Northeast
Closed,General,Low,2024-09-23T01:54:44Z,2024-10-04T01:54:44Z,4,True,West
Closed,General,Low,2024-03-02T21:51:50Z,2024-03-12T21:51:50Z,9,True,West
Closed,General,Low,2024-03-18T15:44:18Z,2024-03-31T15:44:18Z,3,False,West
Closed,General,Low,2024-08-16T10:47:41Z,2024-08-23T10:47:41Z,10,True,West
Closed,Billing,Low,2024-05-25T05:08:17Z,2024-06-09T05:08:17Z,3,False,Northeast
Closed,Technical,High,2024-12-29T11:16:34Z,2025-01-07T11:16:34Z,5,False,Northeast
Closed,Billing,High,2024-11-07T17:09:47Z,2024-11-13T17:09:47Z,2,True,West
Closed,Technical,High,2024-01-10T22:18:44Z,2024-01-17T22:18:44Z,4,False,West
Closed,Technical,Medium,2024-10-13T04:57:00Z,2024-10-16T04:57:00Z,3,True,Northeast
Closed,Billing,Low,2024-01-26T05:56:23Z,2024-01-29T05:56:23Z,6,True,West
Closed,General,Low,2024-03-19T15:30:09Z,2024-03-26T15:30:09Z,3,True,West
Closed,Technical,Low,2024-02-21T12:15:04Z,2024-03-01T12:15:04Z,1,True,West
Closed,Technical,Low,2024-04-05T00:12:28Z,2024-04-17T00:12:28Z,1,True,Northeast
Closed,Technical,Low,2024-01-24T05:13:41Z,2024-01-26T05:13:41Z,9,True,West
Closed,Billing,Medium,2024-10-15T20:27:51Z,2024-10-21T20:27:51Z,1,False,Northeast
Closed,Billing,Low,2024-12-26T15:28:59Z,2024-12-31T15:28:59Z,4,False,West
Closed,General,Low,2024-02-14T16:37:53Z,2024-02-16T16:37:53Z,5,True,West
Closed,General,Low,2024-11-18T04:59:14Z,2024-11-23T04:59:14Z,8,True,West
Closed,Technical,Low,2024-07-05T17:31:34Z,2024-07-15T17:31:34Z,6,True,Northeast
Closed,Billing,High,2024-10-31T16:52:35Z,2024-11-03T16:52:35Z,3,False,Northeast
Closed,Technical,Medium,2024-02-12T21:37:11Z,2024-02-19T21:37:11Z,9,False,Northeast
Closed,Billing,Low,2024-11-15T15:08:08Z,2024-11-23T15:08:08Z,5,True,West
Closed,Technical,High,2024-12-13T20:22:30Z,2024-12-21T20:22:30Z,3,False,West
Closed,General,Low,2024-12-30T05:37:29Z,2024-12-31T05:37:29Z,4,False,West
Closed,Technical,High,2024-08-06T12:13:19Z,2024-08-14T12:13:19Z,10,False,West
Closed,Technical,Low,2024-09-05T23:11:12Z,2024-09-19T23:11:12Z,4,False,West
Closed,General,High,2024-08-19T06:46:27Z,2024-08-22T06:46:27Z,1,True,West
Closed,General,Low,2024-12-18T07:37:03Z,2024-12-28T07:37:03Z,5,False,West
Closed,Billing,Low,2024-05-24T05:06:46Z,2024-06-02T05:06:46Z,6,False,Northeast
Closed,Billing,Low,2024-10-04T08:13:50Z,2024-10-19T08:13:50Z,7,False,West
Closed,Billing,Low,2024-07-22T07:41:10Z,2024-07-27T07:41:10Z,1,True,West
Closed,Technical,Low,2024-08-12T12:40:11Z,2024-08-15T12:40:11Z,1,True,West
Closed,Billing,Low,2024-07-25T23:10:16Z,2024-08-06T23:10:16Z,10,False,Northeast
Closed,Technical,Medium,2024-02-15T16:55:58Z,2024-02-25T16:55:58Z,10,True,Northeast
Closed,General,High,2024-05-08T05:42:48Z,2024-05-10T05:42:48Z,7,True,West
Closed,Technical,High,2024-01-13T07:47:15Z,2024-01-18T07:47:15Z,1,False,Northeast
Closed,General,High,2024-06-30T17:02:31Z,2024-07-14T17:02:31Z,3,True,Northeast
Closed,Technical,Low,2024-01-20T00:57:44Z,2024-01-21T00:57:44Z,9,False,West
Closed,Billing,Low,2024-11-27T12:37:18Z,2024-11-30T12:37:18Z,4,True,Northeast
Closed,General,Low,2024-09-03T17:08:08Z,2024-09-13T17:08:08Z,7,False,West
Closed,General,Medium,2024-10-29T11:08:33Z,2024-11-02T11:08:33Z,9,True,Northeast
Closed,Billing,Low,2024-04-05T01:22:36Z,2024-04-07T01:22:36Z,6,True,Northeast
Closed,Billing,Medium,2024-06-13T20:02:52Z,2024-06-18T20:02:52Z,1,False,Northeast
Closed,General,High,2024-03-23T19:11:02Z,2024-04-06T19:11:02Z,4,False,West
Closed,General,Low,2024-07-19T02:20:56Z,2024-07-20T02:20:56Z,8,False,Northeast
Closed,Billing,Low,2024-09-17T08:01:28Z,2024-09-25T08:01:28Z,4,False,Northeast
Closed,General,Medium,2024-08-18T22:37:45Z,2024-09-02T22:37:45Z,6,False,Northeast
Closed,Technical,Medium,2024-04-07T20:19:29Z,2024-04-18T20:19:29Z,8,False,West
Closed,Billing,High,2024-01-31T01:37:27Z,2024-02-08T01:37:27Z,5,False,Northeast
Closed,Billing,High,2024-10-11T08:04:55Z,2024-10-20T08:04:55Z,5,True,West
Closed,Billing,Low,2024-11-30T03:33:35Z,2024-12-04T03:33:35Z,9,False,West
Closed,Technical,Low,2024-06-08T23:03:22Z,2024-06-09T23:03:22Z,4,True,Northeast
Closed,Billing,High,2024-04-20T19:16:56Z,2024-05-04T19:16:56Z,9,True,West
Closed,Technical,Low,2024-08-11T12:20:38Z,2024-08-18T12:20:38Z,2,False,Northeast
Closed,General,Medium,2024-06-06T23:27:39Z,2024-06-08T23:27:39Z,4,True,West
Closed,Technical,Low,2024-08-01T20:53:31Z,2024-08-14T20:53:31Z,5,False,West
Closed,Billing,Medium,2024-05-01T03:41:31Z,2024-05-05T03:41:31Z,10,True,West
Closed,Technical,Low,2024-01-14T23:48:48Z,2024-01-22T23:48:48Z,9,True,West
Closed,Billing,Low,2024-06-04T09:06:31Z,2024-06-09T09:06:31Z,10,True,West
Closed,Billing,Low,2024-11-04T10:11:23Z,2024-11-07T10:11:23Z,9,True,West
Closed,Billing,Low,2024-02-10T01:23:25Z,2024-02-24T01:23:25Z,9,False,Northeast
Closed,Technical,Low,2024-02-17T11:15:12Z,2024-02-22T11:15:12Z,3,True,West
Closed,Billing,Medium,2024-03-15T21:15:47Z,2024-03-22T21:15:47Z,10,False,Northeast
Closed,Billing,Low,2024-01-11T11:27:07Z,2024-01-19T11:27:07Z,3,True,West
Closed,Billing,Low,2024-11-23T12:40:02Z,2024-12-04T12:40:02Z,9,True,West
Closed,Billing,High,2024-04-15T05:22:16Z,2024-04-19T05:22:16Z,10,False,Northeast
Closed,Billing,High,2024-07-07T04:10:53Z,2024-07-15T04:10:53Z,10,True,West
Closed,Billing,Low,2024-06-08T22:29:28Z,2024-06-13T22:29:28Z,2,False,West
Closed,Billing,Low,2024-08-04T00:51:18Z,2024-08-09T00:51:18Z,10,False,West
Closed,Technical,Low,2024-03-30T22:16:33Z,2024-04-12T22:16:33Z,8,False,Northeast
Closed,Billing,Low,2024-06-17T00:50:44Z,2024-06-24T00:50:44Z,2,False,West
Closed,Billing,Medium,2024-04-23T12:28:49Z,2024-05-01T12:28:49Z,8,False,West
Closed,Technical,Low,2024-03-03T21:24:36Z,2024-03-04T21:24:36Z,5,True,West
Closed,Billing,Low,2024-06-06T06:00:40Z,2024-06-12T06:00:40Z,3,True,West
Closed,Billing,Low,2024-02-28T11:46:49Z,2024-02-29T11:46:49Z,5,False,Northeast
Closed,Billing,High,2024-09-24T18:53:54Z,2024-10-01T18:53:54Z,8,True,West
Closed,Billing,Low,2024-04-19T09:11:22Z,2024-05-04T09:11:22Z,3,True,Northeast
Closed,General,Low,2024-11-23T10:26:45Z,2024-11-26T10:26:45Z,7,False,Northeast
Closed,Billing,Low,2024-12-03T09:52:02Z,2024-12-05T09:52:02Z,3,False,Northeast
Closed,Technical,Low,2024-06-26T00:14:48Z,2024-06-30T00:14:48Z,8,True,West
Closed,Technical,Medium,2024-09-11T13:34:06Z,2024-09-15T13:34:06Z,6,True,Northeast
Closed,Billing,High,2024-09-18T14:20:05Z,2024-09-23T14:20:05Z,4,True,Northeast
Closed,Technical,Medium,2024-02-23T17:09:35Z,2024-02-25T17:09:35Z,5,False,West
Closed,Technical,Low,2024-04-28T23:44:32Z,2024-04-30T23:44:32Z,6,False,West
Closed,General,High,2024-11-21T11:56:27Z,2024-11-27T11:56:27Z,1,True,West
Closed,General,Medium,2024-09-04T23:37:58Z,2024-09-06T23:37:58Z,5,True,Northeast
Closed,Technical,Medium,2024-01-19T08:44:41Z,2024-01-23T08:44:41Z,9,True,West
Closed,Technical,Low,2024-09-26T00:44:26Z,2024-10-04T00:44:26Z,1,True,West
Closed,General,Low,2024-08-28T15:19:51Z,2024-09-05T15:19:51Z,1,False,Northeast
Closed,General,High,2024-03-21T12:06:21Z,2024-03-23T12:06:21Z,9,False,West
Closed,Technical,Low,2024-11-18T09:50:59Z,2024-11-25T09:50:59Z,4,False,West
Closed,Technical,Low,2024-06-06T21:17:37Z,2024-06-17T21:17:37Z,9,True,West
Closed,Billing,Low,2024-04-13T01:47:25Z,2024-04-23T01:47:25Z,1,False,Northeast
Closed,Technical,Low,2024-09-21T10:52:27Z,2024-09-26T10:52:27Z,1,False,Northeast
Closed,Billing,Low,2024-03-12T14:39:46Z,2024-03-27T14:39:46Z,9,True,West
Closed,Billing,High,2024-07-20T17:32:41Z,2024-08-02T17:32:41Z,3,False,Northeast
Closed,Billing,Medium,2024-04-04T14:54:27Z,2024-04-07T14:54:27Z,4,True,West
Closed,Technical,High,2024-09-17T01:50:37Z,2024-09-19T01:50:37Z,8,True,West
Closed,General,Low,2024-06-29T02:06:39Z,2024-07-04T02:06:39Z,5,False,West
Closed,Technical,Low,2024-08-28T12:52:30Z,2024-08-30T12:52:30Z,7,False,Northeast
Closed,General,Low,2024-06-12T01:54:49Z,2024-06-20T01:54:49Z,4,True,West
Closed,Technical,High,2024-10-11T04:26:11Z,2024-10-15T04:26:11Z,9,True,Northeast
Closed,Technical,High,2024-05-25T02:12:13Z,2024-05-28T02:12:13Z,10,False,West
Closed,Billing,Medium,2024-11-04T11:20:16Z,2024-11-11T11:20:16Z,8,True,Northeast
Closed,Billing,Medium,2024-11-25T02:33:18Z,2024-12-06T02:33:18Z,4,True,Northeast
Closed,Billing,Low,2024-01-26T18:49:58Z,2024-02-01T18:49:58Z,9,False,West
Closed,Technical,Low,2024-07-30T05:24:58Z,2024-08-11T05:24:58Z,10,True,West
Closed,General,Low,2024-12-30T12:36:54Z,2025-01-01T12:36:54Z,7,True,Northeast
Closed,Billing,High,2024-03-06T10:14:22Z,2024-03-10T10:14:22Z,4,True,Northeast
Closed,Billing,Low,2024-01-31T19:27:33Z,2024-02-09T19:27:33Z,9,True,West
Closed,General,Low,2024-08-03T18:22:13Z,2024-08-08T18:22:13Z,5,False,West
Closed,General,High,2024-02-23T01:13:54Z,2024-03-05T01:13:54Z,7,False,West
Closed,General,Low,2024-04-11T03:50:23Z,2024-04-15T03:50:23Z,5,False,Northeast
Closed,Technical,Medium,2024-08-04T03:46:18Z,2024-08-07T03:46:18Z,8,True,Northeast
Closed,Technical,Low,2024-06-14T19:31:58Z,2024-06-15T19:31:58Z,8,False,West
Closed,Billing,Medium,2024-10-05T21:50:03Z,2024-10-07T21:50:03Z,2,True,West
Closed,General,Low,2024-05-05T20:56:41Z,2024-05-16T20:56:41Z,4,False,Northeast
Closed,General,High,2024-05-19T03:17:01Z,2024-05-29T03:17:01Z,10,True,West
Closed,Billing,High,2024-07-27T04:19:12Z,2024-08-10T04:19:12Z,2,False,Northeast
Closed,General,High,2024-07-28T13:01:56Z,2024-08-02T13:01:56Z,5,False,Northeast
Closed,Billing,Low,2024-08-19T15:54:39Z,2024-08-29T15:54:39Z,10,False,Northeast
Closed,Technical,Low,2024-08-22T04:39:41Z,2024-08-23T04:39:41Z,10,True,West
Closed,Billing,Low,2024-11-12T07:06:03Z,2024-11-21T07:06:03Z,8,False,Northeast
Closed,Billing,Low,2024-12-03T07:16:54Z,2024-12-14T07:16:54Z,5,True,West
Closed,Billing,Medium,2024-05-29T19:40:55Z,2024-06-10T19:40:55Z,7,True,Northeast
Closed,Technical,Low,2024-11-03T14:42:27Z,2024-11-08T14:42:27Z,1,True,West
Closed,Technical,Low,2024-04-08T19:28:34Z,2024-04-11T19:28:34Z,3,True,West
Closed,Billing,Low,2024-02-09T01:12:46Z,2024-02-24T01:12:46Z,1,True,West
Closed,General,Low,2024-02-28T16:21:50Z,2024-03-05T16:21:50Z,1,True,Northeast
Closed,Billing,High,2024-12-17T00:09:42Z,2024-12-21T00:09:42Z,6,False,Northeast
Closed,Technical,High,2024-07-11T05:14:30Z,2024-07-13T05:14:30Z,1,False,West
Closed,Billing,Low,2024-05-01T08:51:39Z,2024-05-06T08:51:39Z,5,False,West
Closed,Technical,Low,2024-08-30T02:41:47Z,2024-09-04T02:41:47Z,1,False,Northeast
Closed,General,Low,2024-01-19T09:59:07Z,2024-01-31T09:59:07Z,9,False,West
Closed,Billing,Medium,2024-12-25T23:09:51Z,2025-01-06T23:09:51Z,10,False,West
Closed,Technical,High,2024-10-01T02:11:09Z,2024-10-03T02:11:09Z,9,True,Northeast
Closed,Technical,Medium,2024-03-24T16:30:28Z,2024-04-05T16:30:28Z,3,True,Northeast
Closed,General,Low,2024-06-25T04:34:48Z,2024-07-02T04:34:48Z,1,True,West
Closed,Technical,Low,2024-08-02T21:14:00Z,2024-08-08T21:14:00Z,7,True,Northeast
Closed,General,High,2024-01-01T13:38:38Z,2024-01-05T13:38:38Z,2,True,Northeast
Closed,Billing,Low,2024-12-10T09:12:35Z,2024-12-16T09:12:35Z,6,True,Northeast
Closed,Technical,High,2024-11-03T06:58:01Z,2024-11-15T06:58:01Z,4,True,Northeast
Closed,Billing,Low,2024-03-21T21:39:42Z,2024-04-03T21:39:42Z,4,True,West
Closed,General,High,2024-09-18T13:49:08Z,2024-09-30T13:49:08Z,1,False,Northeast
Closed,Billing,High,2024-02-06T00:02:24Z,2024-02-09T00:02:24Z,9,True,West
Closed,Technical,Medium,2024-06-09T07:58:46Z,2024-06-10T07:58:46Z,7,False,Northeast
Closed,Billing,Low,2024-11-03T12:41:00Z,2024-11-15T12:41:00Z,6,False,West
Closed,Billing,Medium,2024-03-04T19:02:48Z,2024-03-10T19:02:48Z,8,False,Northeast
Closed,Technical,Low,2024-03-14T03:47:41Z,2024-03-29T03:47:41Z,4,True,West
Closed,General,Low,2024-05-12T22:45:56Z,2024-05-27T22:45:56Z,5,True,Northeast
Closed,Billing,Low,2024-08-10T17:46:16Z,2024-08-14T17:46:16Z,2,False,Northeast
Closed,Billing,Medium,2024-05-03T21:33:55Z,2024-05-12T21:33:55Z,6,False,West
Closed,Billing,Low,2024-09-18T07:56:41Z,2024-09-20T07:56:41Z,10,True,West
Closed,Technical,High,2024-09-23T12:46:10Z,2024-09-25T12:46:10Z,10,False,West
Closed,Billing,Low,2024-08-24T14:53:49Z,2024-09-04T14:53:49Z,8,True,Northeast
Closed,Billing,Medium,2024-07-19T09:45:35Z,2024-07-29T09:45:35Z,6,True,Northeast
Closed,Technical,Low,2024-06-02T13:20:23Z,2024-06-13T13:20:23Z,9,False,West
Closed,Billing,Low,2024-04-24T05:38:15Z,2024-05-01T05:38:15Z,9,False,West
Closed,General,Low,2024-06-20T11:42:02Z,2024-07-03T11:42:02Z,9,False,West
Closed,Billing,Low,2024-10-12T16:43:13Z,2024-10-19T16:43:13Z,1,False,Northeast
Closed,Billing,Low,2024-04-12T21:19:10Z,2024-04-13T21:19:10Z,1,True,West
Closed,Billing,Low,2024-05-15T00:33:10Z,2024-05-27T00:33:10Z,6,False,Northeast
Closed,Technical,Low,2024-12-20T13:52:50Z,2024-12-26T13:52:50Z,4,True,Northeast
Closed,General,Low,2024-05-16T18:31:52Z,2024-05-17T18:31:52Z,3,False,Northeast
Closed,Billing,High,2024-08-13T06:30:45Z,2024-08-17T06:30:45Z,3,False,West
Closed,Billing,Low,2024-11-03T13:06:59Z,2024-11-07T13:06:59Z,9,True,West
Closed,General,High,2024-02-10T05:22:40Z,2024-02-14T05:22:40Z,2,True,Northeast
Closed,Technical,High,2024-02-29T21:29:47Z,2024-03-15T21:29:47Z,6,True,Northeast
Closed,Technical,Low,2024-11-13T19:19:04Z,2024-11-15T19:19:04Z,7,False,Northeast
Closed,General,High,2024-05-11T23:58:30Z,2024-05-20T23:58:30Z,3,True,Northeast
Closed,Technical,Low,2024-05-27T10:55:26Z,2024-06-08T10:55:26Z,9,False,Northeast
Closed,Billing,High,2024-04-10T08:14:49Z,2024-04-12T08:14:49Z,6,True,West
Closed,Technical,Low,2024-12-20T02:51:22Z,2024-12-30T02:51:22Z,6,True,Northeast
Closed,Technical,Low,2024-12-10T05:09:30Z,2024-12-24T05:09:30Z,8,True,West
Closed,Billing,Low,2024-08-11T12:22:18Z,2024-08-16T12:22:18Z,9,True,Northeast
Closed,Technical,High,2024-12-22T10:04:48Z,2025-01-06T10:04:48Z,2,False,West
Closed,Technical,Low,2024-12-19T01:09:39Z,2024-12-27T01:09:39Z,8,True,Northeast
Closed,General,Low,2024-08-21T01:03:13Z,2024-08-25T01:03:13Z,7,False,West
Closed,Billing,Low,2024-05-15T19:27:29Z,2024-05-27T19:27:29Z,10,False,Northeast
Closed,General,Medium,2024-12-10T10:57:37Z,2024-12-13T10:57:37Z,6,True,West
Closed,General,High,2024-07-24T06:36:26Z,2024-07-29T06:36:26Z,6,True,Northeast
Closed,Technical,Low,2024-06-11T12:56:24Z,2024-06-21T12:56:24Z,5,True,West
Closed,Technical,Low,2024-11-15T14:56:30Z,2024-11-29T14:56:30Z,2,True,Northeast
Closed,Technical,Low,2024-03-08T11:30:25Z,2024-03-12T11:30:25Z,10,True,West
Closed,General,High,2024-10-10T01:57:09Z,2024-10-24T01:57:09Z,10,True,West
Closed,Technical,High,2024-03-28T18:54:09Z,2024-04-09T18:54:09Z,10,True,West
Closed,General,Low,2024-01-06T12:02:30Z,2024-01-16T12:02:30Z,10,True,Northeast
Closed,Technical,Low,2024-08-25T22:54:31Z,2024-09-09T22:54:31Z,3,True,Northeast
Closed,General,Low,2024-06-19T07:33:48Z,2024-07-02T07:33:48Z,9,True,West
Closed,General,Medium,2024-04-20T05:16:06Z,2024-04-29T05:16:06Z,4,False,Northeast
Closed,Billing,Low,2024-02-24T14:51:29Z,2024-03-06T14:51:29Z,5,True,Northeast
Closed,Billing,Low,2024-04-15T21:51:35Z,2024-04-26T21:51:35Z,2,True,Northeast
Closed,General,Low,2024-06-13T14:14:26Z,2024-06-18T14:14:26Z,7,True,Northeast
Closed,Technical,Low,2024-05-26T07:46:16Z,2024-05-31T07:46:16Z,1,False,West
Closed,Billing,Low,2024-05-22T04:45:43Z,2024-05-25T04:45:43Z,4,True,Northeast
Closed,Billing,Low,2024-12-10T07:45:18Z,2024-12-12T07:45:18Z,2,True,West
Closed,Billing,Low,2024-12-29T13:45:54Z,2025-01-10T13:45:54Z,9,False,Northeast
Closed,General,Medium,2024-06-22T23:06:53Z,2024-07-06T23:06:53Z,5,True,Northeast
Closed,Billing,Low,2024-03-09T04:29:43Z,2024-03-23T04:29:43Z,8,False,Northeast
Closed,General,Low,2024-04-08T19:53:46Z,2024-04-14T19:53:46Z,4,True,West
Closed,General,Low,2024-01-20T00:38:47Z,2024-01-21T00:38:47Z,9,False,West
Closed,General,Medium,2024-03-22T03:38:47Z,2024-04-04T03:38:47Z,10,False,Northeast
Closed,Technical,Low,2024-11-24T10:23:15Z,2024-12-02T10:23:15Z,7,True,West
Closed,Technical,Low,2024-12-14T15:14:55Z,2024-12-18T15:14:55Z,1,True,West
Closed,Technical,Low,2024-12-01T12:51:36Z,2024-12-16T12:51:36Z,1,True,West
Closed,Technical,High,2024-06-30T07:07:58Z,2024-07-04T07:07:58Z,9,True,Northeast
Closed,General,Low,2024-03-20T15:52:04Z,2024-03-25T15:52:04Z,2,True,Northeast
Closed,Billing,Low,2024-07-23T20:48:12Z,2024-07-31T20:48:12Z,3,False,Northeast
Closed,Billing,Low,2024-07-29T09:59:20Z,2024-08-03T09:59:20Z,8,False,Northeast
Closed,General,Low,2024-12-10T06:26:05Z,2024-12-23T06:26:05Z,10,False,Northeast
Closed,Technical,Low,2024-11-10T15:03:58Z,2024-11-22T15:03:58Z,5,True,West
Closed,Billing,High,2024-01-27T14:44:47Z,2024-02-03T14:44:47Z,7,True,Northeast
Closed,General,Low,2024-06-14T19:00:17Z,2024-06-18T19:00:17Z,1,False,Northeast
Closed,General,High,2024-07-07T10:23:10Z,2024-07-19T10:23:10Z,6,False,West
Closed,Technical,Medium,2024-11-05T23:29:55Z,2024-11-10T23:29:55Z,3,True,Northeast
Closed,Billing,Medium,2024-07-09T21:21:03Z,2024-07-19T21:21:03Z,8,True,West
Closed,General,Low,2024-01-06T17:27:45Z,2024-01-11T17:27:45Z,5,True,Northeast
Closed,Billing,Low,2024-02-17T06:18:21Z,2024-02-18T06:18:21Z,7,False,West
Closed,Technical,Medium,2024-07-04T15:10:53Z,2024-07-09T15:10:53Z,9,True,West
Closed,General,Low,2024-02-23T04:53:54Z,2024-02-24T04:53:54Z,7,True,West
Closed,Billing,High,2024-03-10T19:49:50Z,2024-03-23T19:49:50Z,10,True,West
Closed,General,Low,2024-11-18T09:04:23Z,2024-11-23T09:04:23Z,2,True,Northeast
Closed,General,High,2024-06-17T06:30:37Z,2024-06-29T06:30:37Z,1,True,West
Closed,Billing,Low,2024-05-30T12:39:02Z,2024-06-07T12:39:02Z,8,True,West
Closed,General,Medium,2024-03-10T16:47:59Z,2024-03-12T16:47:59Z,5,False,Northeast
Closed,Billing,High,2024-07-10T17:51:12Z,2024-07-18T17:51:12Z,9,False,Northeast
Closed,Billing,High,2024-04-08T04:24:13Z,2024-04-21T04:24:13Z,7,True,Northeast
Closed,Technical,Low,2024-07-07T03:37:16Z,2024-07-10T03:37:16Z,9,False,Northeast
Closed,General,Low,2024-02-26T03:09:22Z,2024-03-02T03:09:22Z,2,True,Northeast
Closed,Billing,Low,2024-06-12T07:16:51Z,2024-06-19T07:16:51Z,3,True,Northeast
Closed,Billing,Low,2024-08-29T06:23:53Z,2024-09-07T06:23:53Z,6,False,West
Closed,Technical,Low,2024-09-30T07:09:26Z,2024-10-04T07:09:26Z,6,False,Northeast
Closed,Technical,High,2024-01-04T21:03:54Z,2024-01-09T21:03:54Z,2,True,Northeast
Closed,Technical,Low,2024-01-08T05:11:06Z,2024-01-14T05:11:06Z,1,True,West
Closed,Technical,Low,2024-06-20T22:08:31Z,2024-07-03T22:08:31Z,4,False,West
Closed,Billing,Medium,2024-10-31T11:13:06Z,2024-11-05T11:13:06Z,1,False,Northeast
Closed,Technical,Low,2024-02-17T11:48:16Z,2024-02-28T11:48:16Z,4,True,Northeast
Closed,General,Low,2024-06-20T14:06:04Z,2024-06-24T14:06:04Z,10,False,West
Closed,Billing,Medium,2024-05-16T03:41:54Z,2024-05-19T03:41:54Z,1,True,Northeast
Closed,Technical,High,2024-04-07T02:54:59Z,2024-04-17T02:54:59Z,1,True,West
Closed,Technical,High,2024-05-28T09:43:14Z,2024-06-01T09:43:14Z,5,True,Northeast
Closed,Billing,Medium,2024-07-01T13:20:49Z,2024-07-08T13:20:49Z,7,False,West
Closed,Billing,Low,2024-06-28T18:59:58Z,2024-07-06T18:59:58Z,10,False,Northeast
Closed,Technical,Low,2024-01-11T09:57:43Z,2024-01-23T09:57:43Z,4,True,Northeast
Closed,Billing,Low,2024-08-09T06:42:18Z,2024-08-18T06:42:18Z,10,False,Northeast
Closed,Technical,Medium,2024-03-04T16:51:07Z,2024-03-12T16:51:07Z,3,False,West
Closed,Technical,High,2024-07-26T18:09:45Z,2024-08-01T18:09:45Z,5,False,Northeast
Closed,Technical,Medium,2024-04-20T01:40:55Z,2024-04-26T01:40:55Z,6,True,Northeast
Closed,Billing,Low,2024-10-30T00:28:27Z,2024-11-03T00:28:27Z,10,False,West
Closed,Billing,High,2024-01-22T16:40:45Z,2024-01-25T16:40:45Z,9,False,Northeast
Closed,Technical,Low,2024-01-20T11:32:10Z,2024-01-31T11:32:10Z,3,False,West
Closed,General,Low,2024-05-10T19:38:14Z,2024-05-18T19:38:14Z,3,False,Northeast
Closed,Billing,Low,2024-05-21T18:20:23Z,2024-05-24T18:20:23Z,6,False,West
Closed,General,High,2024-08-03T04:50:01Z,2024-08-11T04:50:01Z,7,True,West
Closed,General,Low,2024-09-25T00:56:49Z,2024-09-26T00:56:49Z,7,False,West
Closed,Billing,Medium,2024-07-06T16:26:18Z,2024-07-12T16:26:18Z,9,False,West
Closed,Technical,Low,2024-12-12T21:10:25Z,2024-12-18T21:10:25Z,9,True,Northeast
Closed,Technical,Medium,2024-06-02T13:28:44Z,2024-06-09T13:28:44Z,9,True,Northeast
Closed,Technical,High,2024-11-23T04:59:55Z,2024-12-02T04:59:55Z,2,False,Northeast
Closed,General,Low,2024-10-18T14:26:30Z,2024-10-21T14:26:30Z,7,True,Northeast
Closed,Billing,Low,2024-01-05T23:39:40Z,2024-01-12T23:39:40Z,10,True,Northeast
Closed,Billing,Medium,2024-10-31T05:21:22Z,2024-11-14T05:21:22Z,7,True,West
Closed,Billing,Low,2024-12-13T21:01:04Z,2024-12-20T21:01:04Z,10,False,West
Closed,General,Medium,2024-10-24T13:30:52Z,2024-11-07T13:30:52Z,8,False,West
Closed,General,High,2024-07-03T15:37:10Z,2024-07-06T15:37:10Z,4,False,Northeast
Closed,General,Low,2024-12-24T20:08:42Z,2024-12-25T20:08:42Z,9,True,Northeast
Closed,Billing,Low,2024-02-02T05:27:59Z,2024-02-06T05:27:59Z,8,True,West
Closed,General,Low,2024-07-08T05:11:27Z,2024-07-23T05:11:27Z,4,False,West
Closed,General,Low,2024-02-23T11:32:31Z,2024-03-06T11:32:31Z,7,False,West
Closed,General,Low,2024-11-13T12:14:25Z,2024-11-21T12:14:25Z,3,False,West
Closed,Technical,Low,2024-02-18T22:01:17Z,2024-02-25T22:01:17Z,7,True,West
Closed,General,Low,2024-05-04T23:27:05Z,2024-05-11T23:27:05Z,2,False,West
Closed,Technical,Low,2024-09-09T16:47:05Z,2024-09-17T16:47:05Z,3,False,West
Closed,Billing,Low,2024-01-19T07:55:57Z,2024-01-25T07:55:57Z,7,True,West
Closed,Billing,Low,2024-02-29T20:25:44Z,2024-03-05T20:25:44Z,10,True,Northeast
Closed,General,High,2024-09-14T06:29:01Z,2024-09-22T06:29:01Z,8,False,West
Closed,General,Low,2024-04-19T03:03:06Z,2024-04-27T03:03:06Z,10,True,West
Closed,Technical,Low,2024-08-09T04:51:32Z,2024-08-18T04:51:32Z,3,False,West
Closed,Billing,Medium,2024-01-03T12:07:09Z,2024-01-12T12:07:09Z,1,True,West
Closed,Billing,Low,2024-08-06T01:31:56Z,2024-08-13T01:31:56Z,6,True,West
Closed,Billing,Low,2024-10-23T20:02:37Z,2024-11-02T20:02:37Z,7,False,Northeast
Closed,Billing,Medium,2024-04-05T18:26:06Z,2024-04-09T18:26:06Z,8,False,Northeast
Closed,Technical,Medium,2024-07-09T15:28:40Z,2024-07-11T15:28:40Z,10,True,West
Closed,General,Low,2024-09-21T02:00:42Z,2024-10-05T02:00:42Z,7,False,Northeast
Closed,Technical,Low,2024-12-26T09:05:38Z,2024-12-27T09:05:38Z,10,False,Northeast
Closed,Technical,Low,2024-10-03T09:45:42Z,2024-10-14T09:45:42Z,1,False,Northeast
Closed,Technical,Low,2024-05-10T05:04:57Z,2024-05-24T05:04:57Z,6,True,Northeast
Closed,General,Low,2024-08-05T03:28:07Z,2024-08-15T03:28:07Z,3,True,West
Closed,Technical,Low,2024-03-27T18:25:17Z,2024-04-09T18:25:17Z,4,True,Northeast
Closed,Technical,High,2024-01-27T22:07:18Z,2024-02-06T22:07:18Z,8,True,West
Closed,Technical,High,2024-02-15T23:28:49Z,2024-02-26T23:28:49Z,2,True,Northeast
Closed,Technical,Low,2024-11-10T11:04:21Z,2024-11-11T11:04:21Z,5,True,West
Closed,General,Medium,2024-02-26T02:23:25Z,2024-03-08T02:23:25Z,4,False,West
Closed,General,Low,2024-02-02T20:14:22Z,2024-02-06T20:14:22Z,8,False,Northeast
Closed,General,Low,2024-06-26T21:56:09Z,2024-06-29T21:56:09Z,8,True,Northeast
Closed,Billing,Low,2024-01-05T21:55:55Z,2024-01-08T21:55:55Z,8,True,Northeast
Closed,Billing,Low,2024-08-03T01:41:47Z,2024-08-09T01:41:47Z,1,True,Northeast
Closed,General,Medium,2024-09-16T13:15:20Z,2024-09-22T13:15:20Z,5,False,West
Closed,Billing,High,2024-10-08T03:39:17Z,2024-10-23T03:39:17Z,9,False,West
Closed,General,Low,2024-10-24T10:05:11Z,2024-10-27T10:05:11Z,2,False,Northeast
Closed,Technical,High,2024-02-12T03:53:59Z,2024-02-16T03:53:59Z,10,False,West
Closed,Billing,Low,2024-08-06T02:17:54Z,2024-08-21T02:17:54Z,7,True,West
Closed,General,Low,2024-05-06T18:49:08Z,2024-05-09T18:49:08Z,6,False,West
Closed,Technical,Low,2024-07-01T13:53:43Z,2024-07-10T13:53:43Z,9,True,West
Closed,Billing,High,2024-04-15T02:17:00Z,2024-04-20T02:17:00Z,3,True,Northeast
Closed,Technical,Low,2024-06-30T13:53:26Z,2024-07-09T13:53:26Z,7,True,West
Closed,Billing,Medium,2024-07-09T23:04:55Z,2024-07-13T23:04:55Z,9,False,West
Closed,Technical,High,2024-04-12T03:27:55Z,2024-04-24T03:27:55Z,8,False,West
Closed,Billing,Low,2024-05-15T10:03:33Z,2024-05-28T10:03:33Z,3,False,West
Closed,General,Low,2024-07-10T02:17:58Z,2024-07-15T02:17:58Z,1,True,Northeast
Closed,Technical,High,2024-06-03T19:28:48Z,2024-06-16T19:28:48Z,2,False,Northeast
Closed,General,Low,2024-03-15T10:54:53Z,2024-03-22T10:54:53Z,3,True,Northeast
Closed,Billing,High,2024-01-26T10:26:07Z,2024-02-06T10:26:07Z,10,False,West
Closed,Billing,High,2024-12-26T01:40:17Z,2025-01-03T01:40:17Z,5,True,Northeast
Closed,Technical,High,2024-12-23T13:42:43Z,2025-01-06T13:42:43Z,7,False,Northeast
Closed,General,High,2024-07-22T10:41:23Z,2024-08-01T10:41:23Z,3,True,Northeast
Closed,Technical,High,2024-03-04T22:48:23Z,2024-03-06T22:48:23Z,1,False,West
Closed,General,Low,2024-10-17T00:04:17Z,2024-10-29T00:04:17Z,7,False,West
Closed,Technical,Low,2024-10-21T23:05:31Z,2024-10-29T23:05:31Z,4,False,Northeast
Closed,General,Low,2024-06-16T15:19:42Z,2024-06-30T15:19:42Z,2,False,West
Closed,Billing,High,2024-03-18T10:16:57Z,2024-03-19T10:16:57Z,3,False,Northeast
Closed,Billing,Low,2024-05-29T15:21:45Z,2024-06-08T15:21:45Z,9,True,Northeast
Closed,General,Low,2024-11-01T16:40:42Z,2024-11-05T16:40:42Z,6,True,West
Closed,Billing,Medium,2024-11-10T08:38:53Z,2024-11-24T08:38:53Z,8,True,West
Closed,Technical,Low,2024-03-16T11:55:59Z,2024-03-17T11:55:59Z,4,False,Northeast
Closed,Billing,Low,2024-01-31T09:50:05Z,2024-02-02T09:50:05Z,4,True,West
Closed,Billing,Low,2024-12-26T23:56:57Z,2025-01-02T23:56:57Z,7,False,Northeast
Closed,Billing,Low,2024-07-13T20:56:33Z,2024-07-25T20:56:33Z,7,True,Northeast
Closed,General,Low,2024-08-07T09:44:00Z,2024-08-08T09:44:00Z,4,False,West
Closed,General,Low,2024-01-18T16:59:03Z,2024-01-20T16:59:03Z,6,True,West
Closed,General,Low,2024-04-03T11:19:46Z,2024-04-18T11:19:46Z,9,False,Northeast
Closed,Technical,High,2024-09-28T16:42:47Z,2024-10-01T16:42:47Z,2,False,Northeast
Closed,Billing,Low,2024-05-31T05:34:04Z,2024-06-01T05:34:04Z,2,False,Northeast
Closed,Technical,High,2024-02-08T10:34:03Z,2024-02-20T10:34:03Z,7,False,West
Closed,General,Medium,2024-01-03T04:30:55Z,2024-01-18T04:30:55Z,7,True,Northeast
Closed,General,Low,2024-04-10T14:11:29Z,2024-04-15T14:11:29Z,1,False,West
Closed,Technical,Low,2024-05-22T02:50:53Z,2024-06-05T02:50:53Z,9,False,Northeast
Closed,Technical,Low,2024-09-17T19:17:29Z,2024-09-26T19:17:29Z,5,False,Northeast
Closed,Billing,High,2024-12-21T01:35:07Z,2024-12-24T01:35:07Z,3,False,Northeast
Closed,Billing,High,2024-01-02T19:53:44Z,2024-01-15T19:53:44Z,7,True,West
Closed,General,Low,2024-07-11T02:12:44Z,2024-07-23T02:12:44Z,1,True,Northeast
Closed,Billing,High,2024-11-29T05:38:15Z,2024-12-01T05:38:15Z,5,False,Northeast
Closed,Billing,Low,2024-07-16T12:42:05Z,2024-07-23T12:42:05Z,1,True,West
Closed,Technical,High,2024-11-11T12:05:05Z,2024-11-19T12:05:05Z,10,False,Northeast
Closed,Technical,Medium,2024-05-26T23:09:53Z,2024-06-03T23:09:53Z,7,True,Northeast
Closed,Billing,Low,2024-07-05T12:50:57Z,2024-07-06T12:50:57Z,8,True,Northeast
Closed,Technical,Medium,2024-04-08T03:31:58Z,2024-04-10T03:31:58Z,7,False,West
Closed,Billing,Medium,2024-05-09T08:38:04Z,2024-05-20T08:38:04Z,9,True,West
Closed,Billing,Low,2024-04-16T23:10:51Z,2024-04-27T23:10:51Z,8,True,Northeast
Closed,General,Low,2024-06-29T22:02:50Z,2024-07-05T22:02:50Z,2,False,West
Closed,Billing,Low,2024-08-30T11:00:52Z,2024-09-12T11:00:52Z,10,True,Northeast
Closed,Billing,Medium,2024-07-28T14:56:23Z,2024-07-30T14:56:23Z,3,True,West
Closed,Billing,Medium,2024-01-17T23:11:21Z,2024-01-27T23:11:21Z,2,True,West
Closed,General,Low,2024-09-14T17:57:52Z,2024-09-19T17:57:52Z,4,False,West
Closed,Technical,Low,2024-07-29T23:59:45Z,2024-08-10T23:59:45Z,5,True,Northeast
Closed,Technical,Low,2024-08-11T17:36:03Z,2024-08-14T17:36:03Z,5,False,Northeast
Closed,General,Low,2024-02-13T14:40:11Z,2024-02-24T14:40:11Z,4,False,West
Closed,Billing,Medium,2024-10-09T17:41:16Z,2024-10-16T17:41:16Z,4,False,West
Closed,Technical,Medium,2024-11-09T17:53:08Z,2024-11-11T17:53:08Z,7,False,Northeast
Closed,General,Low,2024-04-06T06:19:29Z,2024-04-09T06:19:29Z,6,True,West
Closed,Billing,High,2024-03-11T07:26:45Z,2024-03-24T07:26:45Z,3,True,Northeast
Closed,Technical,Low,2024-10-23T14:04:45Z,2024-11-01T14:04:45Z,3,False,Northeast
Closed,Billing,High,2024-02-27T01:25:16Z,2024-03-12T01:25:16Z,5,False,West
Closed,Technical,Low,2024-10-25T15:04:24Z,2024-11-08T15:04:24Z,5,False,Northeast
Closed,Billing,Low,2024-04-13T23:26:48Z,2024-04-26T23:26:48Z,7,False,West
Closed,Billing,Medium,2024-10-04T16:44:37Z,2024-10-06T16:44:37Z,6,True,Northeast
Closed,Billing,Medium,2024-08-22T22:24:49Z,2024-09-01T22:24:49Z,3,False,Northeast
Closed,General,Low,2024-04-28T22:50:07Z,2024-05-02T22:50:07Z,4,False,West
Closed,General,Low,2024-11-14T18:14:13Z,2024-11-27T18:14:13Z,10,True,West
Closed,General,Low,2024-04-11T01:52:19Z,2024-04-15T01:52:19Z,9,True,Northeast
Closed,General,Low,2024-03-26T02:02:04Z,2024-03-29T02:02:04Z,5,False,West
Closed,Technical,Low,2024-07-23T03:14:49Z,2024-07-30T03:14:49Z,10,False,Northeast
Closed,Technical,Low,2024-03-06T05:39:53Z,2024-03-14T05:39:53Z,9,True,Northeast
Closed,Billing,High,2024-02-11T01:02:30Z,2024-02-20T01:02:30Z,3,True,Northeast
Closed,Technical,High,2024-05-09T15:56:27Z,2024-05-23T15:56:27Z,7,True,Northeast
Closed,Billing,Low,2024-12-23T19:54:27Z,2025-01-05T19:54:27Z,5,True,Northeast
Closed,General,Medium,2024-09-09T16:52:09Z,2024-09-13T16:52:09Z,7,True,Northeast
Closed,Technical,Low,2024-03-03T14:43:23Z,2024-03-16T14:43:23Z,1,False,Northeast
Closed,Billing,Low,2024-01-24T20:29:58Z,2024-01-25T20:29:58Z,2,True,Northeast
Closed,Technical,Low,2024-04-22T11:00:57Z,2024-05-04T11:00:57Z,3,True,Northeast
Closed,Billing,Low,2024-01-20T15:41:02Z,2024-01-29T15:41:02Z,7,True,West
Closed,Technical,Low,2024-07-20T16:35:02Z,2024-07-21T16:35:02Z,1,True,Northeast
Closed,General,Low,2024-02-28T19:00:20Z,2024-03-03T19:00:20Z,1,False,West
Closed,General,Medium,2024-01-15T20:46:19Z,2024-01-21T20:46:19Z,6,False,Northeast
Closed,Technical,High,2024-01-14T02:17:32Z,2024-01-19T02:17:32Z,5,False,West
Closed,Technical,High,2024-09-01T14:06:43Z,2024-09-07T14:06:43Z,6,True,Northeast
Closed,Technical,Low,2024-11-25T19:05:02Z,2024-11-27T19:05:02Z,2,False,Northeast
Closed,General,Low,2024-01-29T15:08:06Z,2024-02-13T15:08:06Z,8,True,West
Closed,Technical,Medium,2024-02-04T10:36:13Z,2024-02-10T10:36:13Z,7,True,West
Closed,Billing,High,2024-11-02T10:04:14Z,2024-11-08T10:04:14Z,8,True,West
Closed,Technical,Medium,2024-03-02T09:49:18Z,2024-03-03T09:49:18Z,1,True,West
Closed,Billing,Low,2024-05-05T02:50:31Z,2024-05-15T02:50:31Z,3,True,Northeast
Closed,Technical,Low,2024-02-09T09:30:56Z,2024-02-17T09:30:56Z,7,True,Northeast
Closed,Technical,Low,2024-10-30T16:09:49Z,2024-11-03T16:09:49Z,2,True,West
Closed,General,Low,2024-08-30T09:21:33Z,2024-09-01T09:21:33Z,7,False,West
Closed,Technical,Medium,2024-09-19T02:32:05Z,2024-10-02T02:32:05Z,5,True,Northeast
Closed,General,Low,2024-10-17T11:06:26Z,2024-10-18T11:06:26Z,1,False,West
Closed,Billing,Medium,2024-03-24T22:53:06Z,2024-04-07T22:53:06Z,10,True,Northeast
Closed,Billing,Medium,2024-01-01T17:37:52Z,2024-01-07T17:37:52Z,5,True,West
Closed,Billing,Low,2024-03-18T23:22:12Z,2024-03-31T23:22:12Z,6,True,Northeast
Closed,General,High,2024-02-19T03:59:28Z,2024-02-27T03:59:28Z,5,False,Northeast
Closed,Technical,Low,2024-05-04T04:55:37Z,2024-05-14T04:55:37Z,8,False,Northeast
Closed,Technical,Medium,2024-10-24T06:51:23Z,2024-11-04T06:51:23Z,1,False,West
Closed,Technical,Medium,2024-09-11T05:51:15Z,2024-09-14T05:51:15Z,6,True,Northeast
Closed,Billing,Low,2024-05-08T17:37:58Z,2024-05-22T17:37:58Z,9,True,West
Closed,Billing,High,2024-10-03T20:42:15Z,2024-10-17T20:42:15Z,8,True,Northeast
Closed,Technical,Low,2024-01-28T13:08:10Z,2024-02-01T13:08:10Z,3,True,Northeast
Closed,General,Low,2024-06-05T09:10:19Z,2024-06-17T09:10:19Z,2,False,West
Closed,Billing,Medium,2024-07-13T19:29:55Z,2024-07-27T19:29:55Z,4,False,West
Closed,General,High,2024-07-02T10:53:49Z,2024-07-13T10:53:49Z,9,False,Northeast
Closed,Technical,Low,2024-03-20T23:06:07Z,2024-03-25T23:06:07Z,8,False,West
Closed,Billing,Low,2024-11-30T21:24:04Z,2024-12-11T21:24:04Z,5,True,West
Closed,Technical,Medium,2024-09-12T02:01:54Z,2024-09-22T02:01:54Z,5,True,West
Closed,Billing,Low,2024-08-23T15:26:23Z,2024-09-06T15:26:23Z,4,False,West
Closed,Billing,Low,2024-07-26T23:23:33Z,2024-08-10T23:23:33Z,2,False,Northeast
Closed,Billing,Low,2024-04-06T01:48:02Z,2024-04-12T01:48:02Z,7,True,West
Closed,Billing,Medium,2024-01-09T15:51:46Z,2024-01-11T15:51:46Z,8,False,Northeast
Closed,Technical,Low,2024-07-06T01:24:52Z,2024-07-17T01:24:52Z,6,True,West
Closed,General,Low,2024-10-19T06:51:14Z,2024-10-21T06:51:14Z,10,True,Northeast
Closed,Technical,Low,2024-12-22T17:26:00Z,2024-12-29T17:26:00Z,3,True,West
Closed,Technical,Low,2024-03-28T00:03:58Z,2024-03-29T00:03:58Z,4,True,West
Closed,Billing,Medium,2024-04-05T00:25:11Z,2024-04-14T00:25:11Z,6,False,Northeast
Closed,General,Low,2024-09-02T20:54:42Z,2024-09-08T20:54:42Z,2,True,Northeast
Closed,Billing,Low,2024-03-19T09:03:13Z,2024-03-31T09:03:13Z,5,True,Northeast
Closed,Billing,Low,2024-04-08T03:45:10Z,2024-04-16T03:45:10Z,10,True,West
Closed,Technical,Low,2024-08-09T07:39:39Z,2024-08-16T07:39:39Z,2,True,Northeast
Closed,Billing,Medium,2024-01-20T22:29:04Z,2024-01-22T22:29:04Z,8,True,Northeast
Closed,Billing,Medium,2024-07-12T10:23:33Z,2024-07-19T10:23:33Z,2,False,West
Closed,Technical,Medium,2024-03-03T19:22:13Z,2024-03-14T19:22:13Z,6,True,Northeast
Closed,Billing,Medium,2024-10-29T18:07:57Z,2024-11-06T18:07:57Z,5,False,West
Closed,Billing,Low,2024-05-09T09:37:20Z,2024-05-22T09:37:20Z,2,False,Northeast
Closed,General,Medium,2024-03-13T12:20:23Z,2024-03-16T12:20:23Z,4,True,West
Closed,Billing,Low,2024-07-26T08:14:22Z,2024-08-03T08:14:22Z,6,False,Northeast
Closed,Technical,High,2024-03-20T06:09:31Z,2024-03-22T06:09:31Z,10,True,West
Closed,Technical,Low,2024-02-05T21:42:51Z,2024-02-19T21:42:51Z,1,False,Northeast
Closed,General,High,2024-10-31T01:53:57Z,2024-11-11T01:53:57Z,3,True,West
Closed,General,Low,2024-05-19T18:57:58Z,2024-06-02T18:57:58Z,9,False,Northeast
Closed,General,Low,2024-04-28T04:20:02Z,2024-05-04T04:20:02Z,3,True,West
Closed,Technical,Medium,2024-03-17T09:40:50Z,2024-03-29T09:40:50Z,5,True,West
Closed,Billing,Medium,2024-05-13T07:51:22Z,2024-05-24T07:51:22Z,4,False,West
Closed,General,Medium,2024-08-26T05:56:53Z,2024-09-03T05:56:53Z,5,False,Northeast
Closed,Technical,High,2024-09-30T05:57:52Z,2024-10-07T05:57:52Z,3,False,West
Closed,Technical,High,2024-08-30T13:05:51Z,2024-09-12T13:05:51Z,2,True,Northeast
Closed,Technical,High,2024-01-29T07:35:39Z,2024-02-11T07:35:39Z,2,True,West
Closed,Technical,High,2024-05-18T19:10:06Z,2024-05-29T19:10:06Z,3,True,West
Closed,General,Low,2024-05-20T07:17:06Z,2024-05-21T07:17:06Z,10,False,West
Closed,General,Low,2024-06-14T22:16:12Z,2024-06-16T22:16:12Z,3,False,Northeast
Closed,Technical,Low,2024-02-01T10:07:15Z,2024-02-06T10:07:15Z,9,True,Northeast
Closed,General,Medium,2024-05-09T11:28:10Z,2024-05-22T11:28:10Z,7,True,West
Closed,General,High,2024-10-12T18:44:22Z,2024-10-18T18:44:22Z,8,True,Northeast
Closed,General,Low,2024-02-26T03:41:22Z,2024-03-07T03:41:22Z,2,True,Northeast
Closed,Billing,Medium,2024-04-13T21:55:12Z,2024-04-28T21:55:12Z,4,False,Northeast
Closed,Billing,Low,2024-07-21T01:04:16Z,2024-07-24T01:04:16Z,4,True,Northeast
Closed,Technical,High,2024-02-02T07:56:39Z,2024-02-13T07:56:39Z,5,False,West
Closed,General,Low,2024-01-17T02:15:13Z,2024-01-26T02:15:13Z,8,True,Northeast
Closed,Technical,Medium,2024-10-16T17:54:56Z,2024-10-23T17:54:56Z,5,True,Northeast
Closed,Billing,Low,2024-07-07T17:07:14Z,2024-07-15T17:07:14Z,9,False,Northeast
Closed,Technical,High,2024-08-03T00:54:16Z,2024-08-09T00:54:16Z,10,False,Northeast
Closed,General,Low,2024-03-28T14:01:11Z,2024-04-08T14:01:11Z,5,False,West
Closed,Billing,Medium,2024-11-10T05:05:33Z,2024-11-21T05:05:33Z,1,False,West
Closed,General,Low,2024-08-09T18:53:29Z,2024-08-21T18:53:29Z,9,True,West
Closed,Billing,Low,2024-09-27T04:25:50Z,2024-10-08T04:25:50Z,3,True,Northeast
Closed,Billing,Low,2024-05-19T15:56:48Z,2024-06-03T15:56:48Z,4,True,Northeast
Closed,Technical,High,2024-05-20T02:39:34Z,2024-05-30T02:39:34Z,7,False,West
Closed,Technical,Medium,2024-08-09T17:30:51Z,2024-08-14T17:30:51Z,4,False,Northeast
Closed,Billing,High,2024-04-09T11:52:38Z,2024-04-15T11:52:38Z,1,False,Northeast
Closed,Technical,Low,2024-11-07T22:31:48Z,2024-11-22T22:31:48Z,3,True,Northeast
Closed,Billing,Medium,2024-08-15T06:39:21Z,2024-08-23T06:39:21Z,4,False,Northeast
Closed,Technical,Low,2024-01-31T12:54:19Z,2024-02-12T12:54:19Z,8,False,Northeast
Closed,Billing,Medium,2024-12-01T21:34:23Z,2024-12-15T21:34:23Z,10,False,Northeast
Closed,General,Low,2024-01-07T23:29:08Z,2024-01-16T23:29:08Z,6,False,West
Closed,Technical,High,2024-01-18T23:35:40Z,2024-01-25T23:35:40Z,5,True,West
Closed,General,High,2024-05-22T23:17:46Z,2024-05-31T23:17:46Z,2,True,West
Closed,General,Medium,2024-05-23T14:26:09Z,2024-05-25T14:26:09Z,2,False,West
Closed,General,Low,2024-04-08T05:36:25Z,2024-04-14T05:36:25Z,2,True,Northeast
Closed,General,Low,2024-01-15T07:31:32Z,2024-01-26T07:31:32Z,8,True,West
Closed,General,Medium,2024-07-01T19:58:43Z,2024-07-16T19:58:43Z,6,True,West
Closed,Billing,High,2024-02-12T12:38:44Z,2024-02-21T12:38:44Z,9,False,Northeast
Closed,Billing,Low,2024-08-23T02:09:07Z,2024-08-25T02:09:07Z,1,True,West
Closed,Billing,Medium,2024-02-24T09:41:37Z,2024-03-06T09:41:37Z,10,True,Northeast
Closed,Billing,Medium,2024-11-08T13:12:18Z,2024-11-13T13:12:18Z,7,True,West
Closed,General,Medium,2024-11-28T23:16:14Z,2024-12-07T23:16:14Z,8,True,Northeast
Closed,Billing,Low,2024-03-08T06:13:14Z,2024-03-14T06:13:14Z,7,False,West
Closed,General,Low,2024-08-07T17:11:18Z,2024-08-11T17:11:18Z,8,True,Northeast
Closed,General,High,2024-02-11T06:59:07Z,2024-02-17T06:59:07Z,6,False,Northeast
Closed,Billing,Low,2024-02-29T23:44:07Z,2024-03-14T23:44:07Z,3,True,West
Closed,General,Medium,2024-04-12T11:29:21Z,2024-04-23T11:29:21Z,5,True,Northeast
Closed,Technical,High,2024-09-08T20:29:50Z,2024-09-09T20:29:50Z,9,False,Northeast
Closed,Billing,Low,2024-08-17T00:50:58Z,2024-08-19T00:50:58Z,3,False,West
Closed,Technical,High,2024-03-18T12:59:28Z,2024-03-22T12:59:28Z,8,True,Northeast
Closed,Technical,High,2024-08-18T11:01:46Z,2024-08-22T11:01:46Z,10,True,Northeast
Closed,Technical,High,2024-09-29T21:56:41Z,2024-09-30T21:56:41Z,10,False,Northeast
Closed,Billing,Low,2024-06-15T03:59:44Z,2024-06-17T03:59:44Z,3,True,Northeast
Closed,General,Low,2024-09-18T05:40:34Z,2024-09-29T05:40:34Z,1,True,Northeast
Closed,Technical,Low,2024-05-31T02:53:25Z,2024-06-01T02:53:25Z,2,True,West
Closed,General,Low,2024-02-12T15:03:46Z,2024-02-25T15:03:46Z,6,False,Northeast
Closed,Technical,Low,2024-01-09T07:47:20Z,2024-01-13T07:47:20Z,3,True,Northeast
Closed,Billing,High,2024-07-15T17:13:04Z,2024-07-17T17:13:04Z,5,False,Northeast
Closed,General,Low,2024-05-06T05:17:53Z,2024-05-07T05:17:53Z,10,True,Northeast
Waiting on customer,General,Medium,2024-08-25T16:17:23Z,,,False,West
Waiting on customer,General,Medium,2024-08-27T23:57:16Z,,,True,Northeast
Waiting on customer,General,Low,2024-01-02T11:32:27Z,,,True,Northeast
Working,Technical,High,2024-08-29T13:23:48Z,,,True,Northeast
Escalated,General,Medium,2024-11-25T04:57:38Z,,,True,Northeast
New,General,Low,2024-06-11T01:03:33Z,,,False,West
Working,General,High,2024-06-30T17:07:44Z,,,True,Northeast
Escalated,Technical,High,2024-09-25T22:40:52Z,,,True,Northeast
New,Billing,High,2024-07-02T00:34:56Z,,,True,Northeast
Working,Technical,Low,2024-02-12T23:57:25Z,,,False,West
New,Technical,Low,2024-02-15T21:31:14Z,,,False,Northeast
New,Technical,Low,2024-03-29T04:59:15Z,,,False,West
Working,Billing,Low,2024-12-16T00:25:41Z,,,True,Northeast
Waiting on customer,General,Low,2024-04-13T04:13:56Z,,,False,Northeast
Escalated,General,Low,2024-03-23T21:37:09Z,,,False,Northeast
New,General,Low,2024-03-13T07:51:02Z,,,False,Northeast
Working,General,Low,2024-12-25T19:24:28Z,,,False,Northeast
New,General,Low,2024-03-13T12:56:30Z,,,True,Northeast
New,Technical,High,2024-12-23T05:01:11Z,,,False,West
New,Technical,Medium,2024-05-18T03:29:51Z,,,True,West
New,Technical,Low,2024-10-12T01:11:53Z,,,False,West
Waiting on customer,Billing,Low,2024-08-14T19:14:46Z,,,False,West
Escalated,Technical,Low,2024-01-23T08:11:39Z,,,True,Northeast
New,Billing,Low,2024-01-16T14:14:18Z,,,False,West
New,Technical,Low,2024-12-25T00:09:02Z,,,True,Northeast
Escalated,General,Low,2024-03-13T17:31:57Z,,,False,West
Working,Technical,Medium,2024-07-28T06:13:58Z,,,True,Northeast
Escalated,General,High,2024-08-21T09:55:34Z,,,False,Northeast
Waiting on customer,Technical,Low,2024-04-17T12:25:19Z,,,False,West
New,General,Low,2024-02-07T20:28:05Z,,,True,West
Escalated,Billing,Low,2024-02-28T06:06:35Z,,,True,Northeast
Escalated,General,Low,2024-09-19T12:47:40Z,,,True,West
Escalated,Billing,High,2024-03-16T19:06:38Z,,,False,Northeast
Escalated,Billing,High,2024-09-18T10:48:30Z,,,True,West
Working,General,Medium,2024-05-04T20:41:32Z,,,False,West
Escalated,General,High,2024-10-29T07:36:49Z,,,False,West
New,General,Low,2024-06-25T04:37:30Z,,,True,Northeast
Escalated,Technical,Medium,2024-11-23T22:52:59Z,,,True,West
Escalated,General,Medium,2024-01-14T00:17:57Z,,,True,West
Working,General,Medium,2024-01-03T11:45:35Z,,,False,West
New,General,Low,2024-08-25T23:59:21Z,,,False,Northeast
Working,Billing,Medium,2024-10-25T20:12:07Z,,,False,West
Waiting on customer,General,Medium,2024-11-19T17:22:02Z,,,False,West
New,Billing,Low,2024-06-09T11:33:37Z,,,True,Northeast
New,Billing,Medium,2024-03-29T11:03:44Z,,,False,West
Escalated,General,Low,2024-11-10T12:24:22Z,,,False,Northeast
Working,Technical,Medium,2024-07-29T09:07:38Z,,,True,Northeast
Waiting on customer,General,Low,2024-11-07T03:10:23Z,,,True,Northeast
Waiting on customer,General,Medium,2024-04-02T21:10:02Z,,,True,Northeast
New,General,High,2024-04-25T23:33:40Z,,,False,West
Waiting on customer,General,Low,2024-10-30T16:25:49Z,,,False,Northeast
Escalated,General,Low,2024-11-29T23:09:30Z,,,False,Northeast
Working,Technical,High,2024-04-06T06:11:14Z,,,False,Northeast
Escalated,General,Medium,2024-03-10T12:30:08Z,,,False,West
New,Billing,High,2024-03-02T13:13:01Z,,,True,Northeast
New,Technical,Low,2024-04-20T23:36:50Z,,,True,West
Escalated,General,Low,2024-06-25T02:57:40Z,,,False,West
Working,Billing,Medium,2024-11-19T12:30:32Z,,,True,West
Escalated,General,High,2024-11-02T19:28:36Z,,,True,West
New,Technical,Medium,2024-07-24T18:01:42Z,,,False,West
Waiting on customer,General,Low,2024-07-19T12:42:27Z,,,True,West
Escalated,Billing,High,2024-05-19T04:01:52Z,,,False,Northeast
Working,General,Low,2024-01-19T06:06:17Z,,,True,West
Waiting on customer,Technical,Low,2024-03-11T13:30:35Z,,,True,Northeast
Working,Billing,High,2024-02-15T16:35:36Z,,,False,West
Working,Technical,Low,2024-01-14T09:23:31Z,,,False,Northeast
Working,General,Low,2024-07-08T21:10:27Z,,,True,Northeast
Escalated,Billing,Low,2024-12-06T04:34:41Z,,,False,West
Working,General,Low,2024-10-14T16:40:51Z,,,True,Northeast
Working,Technical,High,2024-11-12T04:27:23Z,,,False,West
Waiting on customer,General,Low,2024-04-27T09:45:51Z,,,True,Northeast
Working,Billing,Low,2024-05-05T12:26:56Z,,,False,West
Working,Billing,Low,2024-12-25T05:13:29Z,,,True,Northeast
Escalated,Technical,Low,2024-01-18T13:19:40Z,,,True,West
Waiting on customer,Billing,Medium,2024-12-10T08:14:02Z,,,False,West
New,Technical,Low,2024-09-10T07:34:35Z,,,True,Northeast
New,Technical,Low,2024-08-18T03:16:17Z,,,True,West
Escalated,Billing,Low,2024-08-21T02:03:54Z,,,True,Northeast
New,General,Medium,2024-02-26T22:41:20Z,,,True,Northeast
Escalated,General,High,2024-05-16T17:01:04Z,,,True,Northeast
New,Technical,Low,2024-06-16T10:16:34Z,,,True,Northeast
New,General,Low,2024-01-02T17:58:01Z,,,True,West
Working,Technical,Low,2024-05-17T09:20:25Z,,,True,Northeast
New,Technical,Low,2024-09-17T07:53:30Z,,,False,Northeast
Escalated,Technical,Medium,2024-01-04T11:26:34Z,,,False,Northeast
Escalated,Technical,Medium,2024-10-12T14:05:31Z,,,False,Northeast
Escalated,Billing,Low,2024-12-01T06:47:26Z,,,False,Northeast
Escalated,Billing,Low,2024-02-28T02:35:07Z,,,True,West
Waiting on customer,Technical,High,2024-07-02T10:00:06Z,,,False,Northeast
Waiting on customer,General,Medium,2024-11-27T15:06:29Z,,,False,Northeast
Escalated,Technical,Medium,2024-04-23T13:52:49Z,,,True,West
New,Billing,High,2024-09-20T09:51:19Z,,,False,West
Waiting on customer,Technical,Low,2024-06-13T15:56:32Z,,,True,West
Escalated,Billing,Low,2024-01-21T09:55:25Z,,,False,West
Waiting on customer,Billing,Low,2024-05-18T10:59:37Z,,,False,West
Working,Technical,Medium,2024-11-30T15:10:16Z,,,True,Northeast
New,Billing,High,2024-04-10T20:54:38Z,,,True,West
Working,Technical,Medium,2024-11-04T14:36:27Z,,,True,Northeast
Waiting on customer,General,Low,2024-11-12T15:28:46Z,,,False,West
Working,Billing,Low,2024-04-17T11:59:38Z,,,True,West
Working,General,Low,2024-03-16T19:44:30Z,,,False,West
Working,Technical,High,2024-11-10T22:27:43Z,,,False,Northeast
Waiting on customer,Technical,Low,2024-01-15T01:43:22Z,,,True,West
Working,General,Low,2024-09-04T16:00:21Z,,,False,Northeast
Working,Technical,Low,2024-03-31T22:27:26Z,,,False,West
Escalated,General,Medium,2024-01-18T22:55:25Z,,,True,West
Working,Technical,High,2024-08-14T07:28:10Z,,,True,Northeast
Waiting on customer,Billing,Low,2024-03-31T17:54:12Z,,,False,Northeast
New,Billing,Low,2024-08-13T05:03:52Z,,,False,West
Escalated,Billing,Low,2024-03-16T02:03:20Z,,,False,West
Waiting on customer,Technical,Low,2024-06-05T00:02:06Z,,,False,Northeast
New,Technical,Low,2024-03-27T04:44:31Z,,,False,West
Waiting on customer,Billing,Low,2024-09-26T09:17:47Z,,,False,West
Working,Technical,Medium,2024-05-21T04:21:51Z,,,False,Northeast
Waiting on customer,General,Low,2024-01-15T03:16:07Z,,,False,West
New,Billing,Low,2024-06-12T17:56:46Z,,,True,West
New,General,Low,2024-06-17T01:40:22Z,,,True,Northeast
Waiting on customer,Technical,Low,2024-04-21T03:19:21Z,,,False,West
Escalated,Billing,Low,2024-09-04T08:58:50Z,,,True,Northeast
Waiting on customer,General,Low,2024-12-30T20:01:26Z,,,True,Northeast
Waiting on customer,Technical,High,2024-04-21T14:51:44Z,,,False,Northeast
New,General,High,2024-05-14T08:59:07Z,,,False,West
Working,Billing,High,2024-01-03T18:44:47Z,,,False,Northeast
Waiting on customer,General,Low,2024-09-17T02:44:03Z,,,True,Northeast
Escalated,General,Low,2024-04-02T03:59:16Z,,,False,Northeast
New,General,Low,2024-03-22T19:07:13Z,,,True,West
Escalated,General,Low,2024-11-11T15:44:01Z,,,False,West
New,Billing,High,2024-01-29T16:59:13Z,,,False,Northeast
New,General,Low,2024-09-16T01:14:57Z,,,False,West
New,General,Low,2024-09-11T02:00:46Z,,,True,Northeast
Working,Technical,Low,2024-01-13T04:43:53Z,,,False,West
Escalated,Billing,High,2024-08-13T07:38:35Z,,,True,West
Working,Technical,Low,2024-07-23T23:56:49Z,,,True,West
Escalated,Billing,Medium,2024-09-23T18:31:04Z,,,True,Northeast
Working,General,Medium,2024-12-12T04:11:26Z,,,False,West
Escalated,Billing,Low,2024-07-12T21:26:49Z,,,False,Northeast
Working,Technical,Low,2024-04-15T23:49:21Z,,,True,West
Escalated,Technical,Low,2024-11-20T19:53:11Z,,,True,West
Waiting on customer,General,High,2024-09-11T14:34:02Z,,,False,Northeast
New,Technical,Medium,2024-03-15T18:17:59Z,,,True,Northeast
Waiting on customer,Billing,Low,2024-06-15T23:14:49Z,,,False,West
Escalated,Billing,Low,2024-01-19T05:06:33Z,,,True,West
New,General,Medium,2024-07-16T01:25:49Z,,,True,West
Waiting on customer,Technical,Medium,2024-02-09T19:30:55Z,,,False,Northeast
Escalated,Technical,Low,2024-11-07T18:07:42Z,,,False,West
Working,Billing,Low,2024-10-04T05:34:20Z,,,True,West
Working,General,Low,2024-06-28T22:23:32Z,,,True,West
Working,Billing,Low,2024-12-17T00:58:07Z,,,True,Northeast
Waiting on customer,General,Medium,2024-07-19T11:43:08Z,,,True,West
Waiting on customer,General,Low,2024-07-19T15:10:14Z,,,False,West
Working,Technical,High,2024-07-27T04:22:02Z,,,True,West
New,Technical,Medium,2024-03-12T00:57:12Z,,,False,West
Waiting on customer,General,Low,2024-09-13T07:47:28Z,,,False,West
New,General,Low,2024-09-19T14:37:03Z,,,True,Northeast
Working,Technical,Low,2024-08-09T14:00:24Z,,,True,Northeast
New,General,High,2024-02-29T00:40:34Z,,,True,West
Working,Technical,Low,2024-06-09T00:10:28Z,,,True,West
New,General,Medium,2024-07-29T22:07:20Z,,,False,Northeast
Waiting on customer,General,Low,2024-08-04T14:52:02Z,,,True,West
New,General,Low,2024-01-03T20:19:32Z,,,False,Northeast
Waiting on customer,Billing,Low,2024-06-01T07:37:08Z,,,False,Northeast
Escalated,Billing,Medium,2024-06-27T09:19:46Z,,,True,West
Working,Billing,Low,2024-09-04T09:19:55Z,,,False,Northeast
New,Billing,Low,2024-07-25T06:13:10Z,,,False,West
Working,General,Medium,2024-01-17T19:50:23Z,,,False,West
New,Billing,Low,2024-06-28T18:34:23Z,,,False,West
Working,General,Low,2024-01-09T02:37:10Z,,,True,West
Waiting on customer,General,Low,2024-04-26T23:08:10Z,,,True,West
Escalated,General,Low,2024-11-21T23:03:55Z,,,False,Northeast
Waiting on customer,Technical,Low,2024-11-25T22:43:10Z,,,True,Northeast
New,Billing,Low,2024-06-25T14:16:42Z,,,True,Northeast
Working,Billing,Low,2024-08-18T08:50:18Z,,,True,West
Escalated,General,Low,2024-12-13T09:50:13Z,,,True,West
New,Billing,Low,2024-04-13T02:35:34Z,,,True,West
Waiting on customer,Technical,Low,2024-07-28T18:29:33Z,,,False,West
Escalated,Billing,Low,2024-12-28T23:19:43Z,,,True,West
Waiting on customer,General,Low,2024-01-24T17:34:31Z,,,True,West
Working,Technical,Low,2024-08-04T05:51:30Z,,,True,Northeast
New,General,Low,2024-07-08T18:14:03Z,,,True,Northeast
Escalated,Billing,Low,2024-06-20T11:04:02Z,,,True,Northeast
Escalated,Technical,Low,2024-12-16T12:42:19Z,,,True,Northeast
Working,General,Low,2024-08-20T07:33:54Z,,,True,West
Waiting on customer,Technical,Low,2024-09-28T12:49:13Z,,,True,Northeast
New,General,Medium,2024-12-03T04:48:05Z,,,False,Northeast
Working,Billing,Low,2024-05-10T09:38:38Z,,,False,West
New,Technical,Low,2024-05-03T01:46:24Z,,,False,West
Escalated,Technical,Low,2024-05-15T14:46:44Z,,,False,Northeast
Waiting on customer,Billing,Low,2024-01-25T14:23:11Z,,,False,West
New,Technical,High,2024-09-25T21:12:33Z,,,False,West
New,Technical,Low,2024-12-23T23:38:15Z,,,False,Northeast
Escalated,Technical,Low,2024-03-16T05:37:59Z,,,True,West
Escalated,Billing,Low,2024-02-03T03:57:23Z,,,False,Northeast
Working,Billing,Low,2024-09-01T18:26:22Z,,,True,Northeast
Working,General,Low,2024-03-31T20:31:51Z,,,True,West
New,Billing,High,2024-12-20T16:44:36Z,,,True,West
Escalated,Technical,Low,2024-03-20T00:58:27Z,,,False,Northeast
Waiting on customer,General,Low,2024-08-29T09:12:43Z,,,True,Northeast
New,Technical,Low,2024-01-08T13:08:12Z,,,False,West
Working,Technical,Low,2024-10-20T22:25:59Z,,,False,Northeast
Escalated,Billing,High,2024-09-29T18:23:36Z,,,False,West
Escalated,Billing,Medium,2024-05-19T10:22:09Z,,,True,West
Waiting on customer,Technical,Low,2024-11-22T11:19:02Z,,,True,West
New,Technical,Low,2024-05-01T08:28:25Z,,,True,Northeast
New,Technical,Low,2024-11-20T06:30:19Z,,,False,Northeast
Working,General,Low,2024-12-25T03:10:34Z,,,True,Northeast
New,Billing,Medium,2024-09-30T13:31:45Z,,,False,West
New,Technical,High,2024-06-25T02:26:01Z,,,False,West
Escalated,Technical,Low,2024-06-03T19:56:26Z,,,True,West
Waiting on customer,General,Low,2024-05-25T10:23:41Z,,,False,Northeast
Escalated,Billing,Low,2024-12-09T13:26:16Z,,,False,Northeast
Escalated,General,Low,2024-01-19T12:49:40Z,,,False,Northeast
Waiting on customer,General,Low,2024-05-21T08:24:18Z,,,True,West
Waiting on customer,Billing,Low,2024-06-15T23:04:03Z,,,False,West
Working,Billing,Medium,2024-06-09T12:13:19Z,,,False,West
New,General,Low,2024-11-07T01:15:10Z,,,True,Northeast
Working,Technical,High,2024-03-01T11:45:11Z,,,True,Northeast
Waiting on customer,General,Low,2024-10-27T01:32:58Z,,,False,Northeast
Escalated,Billing,Low,2024-06-22T01:12:03Z,,,False,Northeast
Waiting on customer,Technical,Medium,2024-07-17T17:08:18Z,,,True,Northeast
Escalated,Technical,Low,2024-03-26T15:13:30Z,,,True,Northeast
Waiting on customer,Technical,Low,2024-05-05T13:15:21Z,,,False,Northeast
Escalated,Billing,High,2024-12-21T18:32:32Z,,,False,Northeast
Waiting on customer,General,High,2024-03-24T05:12:32Z,,,False,West
New,Billing,Low,2024-03-19T21:02:06Z,,,True,West
New,General,Medium,2024-02-08T18:20:13Z,,,False,Northeast
New,Billing,Low,2024-07-18T04:34:31Z,,,True,West
Waiting on customer,Billing,Medium,2024-08-08T02:30:08Z,,,True,West
Escalated,Billing,Low,2024-06-25T16:38:19Z,,,False,Northeast
Working,Billing,Low,2024-04-14T06:07:16Z,,,True,West
New,General,High,2024-02-09T00:26:47Z,,,False,West
Waiting on customer,Billing,Low,2024-10-01T08:06:07Z,,,False,West
Escalated,Technical,Medium,2024-01-26T11:02:34Z,,,True,Northeast
Escalated,Billing,High,2024-09-30T20:47:52Z,,,False,West
Waiting on customer,Technical,Low,2024-07-16T15:43:09Z,,,False,Northeast
Working,Technical,High,2024-06-08T13:55:07Z,,,False,West
Waiting on customer,Billing,Low,2024-04-25T05:57:13Z,,,False,Northeast
Waiting on customer,General,Medium,2024-08-26T01:53:07Z,,,False,West
Escalated,Technical,Low,2024-09-16T00:31:39Z,,,False,West
New,Technical,Low,2024-01-07T06:14:49Z,,,False,Northeast
Waiting on customer,Technical,Low,2024-01-29T17:57:37Z,,,True,West
New,Technical,High,2024-10-04T22:30:18Z,,,True,Northeast
Working,General,High,2024-07-15T09:43:44Z,,,True,West
Working,Technical,Low,2024-02-28T11:32:23Z,,,False,West
Working,Technical,Low,2024-06-23T12:39:33Z,,,True,West
Waiting on customer,Technical,Low,2024-03-25T05:22:19Z,,,True,Northeast
New,Technical,Low,2024-09-12T02:14:56Z,,,False,Northeast
Working,Technical,Low,2024-04-05T09:58:17Z,,,True,West
Escalated,General,High,2024-04-27T21:47:33Z,,,False,Northeast
New,General,Low,2024-11-29T01:46:06Z,,,False,West
New,General,Medium,2024-02-15T23:54:01Z,,,True,Northeast
